scorer,RicardoDiaz,RicardoDiaz,RicardoDiaz,RicardoDiaz,RicardoDiaz,RicardoDiaz,RicardoDiaz,RicardoDiaz,RicardoDiaz,RicardoDiaz,RicardoDiaz,RicardoDiaz,RicardoDiaz,RicardoDiaz,RicardoDiaz,RicardoDiaz,RicardoDiaz,RicardoDiaz,RicardoDiaz,RicardoDiaz
individuals,dros1,dros1,dros1,dros1,dros1,dros1,dros1,dros1,dros1,dros1,dros2,dros2,dros2,dros2,dros2,dros2,dros2,dros2,dros2,dros2
bodyparts,leftwing,leftwing,rightwing,rightwing,head,head,torax,torax,abdomen,abdomen,leftwing,leftwing,rightwing,rightwing,head,head,torax,torax,abdomen,abdomen
coords,x,y,x,y,x,y,x,y,x,y,x,y,x,y,x,y,x,y,x,y
labeled-data/Movie.S3_cropped/img046c0.png,,,,,288.70305862361954,42.51723510134718,,,,,,,,,,,,,,
labeled-data/Movie.S3_cropped/img046c1.png,,,,,7.70305862361954,5.5172351013471825,,,,,,,,,,,,,,
labeled-data/Movie.S3_cropped/img046c2.png,,,,,91.70305862361954,221.51723510134718,91.70305862361954,158.5969777885665,91.70305862361954,78.19887122223554,,,,,,,,,,
labeled-data/Movie.S3_cropped/img046c3.png,,,,,336.70305862361954,3.5172351013471825,,,,,,,,,,,,,,
labeled-data/Movie.S3_cropped/img046c4.png,,,,,274.70305862361954,206.51723510134718,274.70305862361954,143.5969777885665,274.70305862361954,63.19887122223554,,,,,,,,,,
labeled-data/Movie.S3_cropped/img046c5.png,,,,,9.70305862361954,211.51723510134718,9.70305862361954,148.5969777885665,9.70305862361954,68.19887122223554,,,,,,,,,,
labeled-data/Movie.S3_cropped/img046c6.png,,,,,,,,,,,,,,,,,,,,
labeled-data/Movie.S3_cropped/img046c7.png,,,,,,,,,,,,,,,,,,,,
labeled-data/Movie.S3_cropped/img046c8.png,,,,,218.70305862361954,189.51723510134718,218.70305862361954,126.5969777885665,218.70305862361954,46.19887122223554,,,,,,,,,,
labeled-data/Movie.S3_cropped/img046c9.png,,,,,,,,,,,,,,,,,,,,
labeled-data/Movie.S3_cropped/img054c0.png,,,,,282.9641339968442,171.26502002670213,296.9464133996845,87.37134360966127,296.9464133996845,17.45994659546045,,,,,,,,,,
labeled-data/Movie.S3_cropped/img054c1.png,,,198.37996116033503,8.061840029129598,131.96413399684423,242.26502002670213,145.9464133996845,158.37134360966127,145.9464133996845,88.45994659546045,,,,,,,,,,
labeled-data/Movie.S3_cropped/img054c2.png,345.9552736982645,11.32291540235451,,,338.9641339968442,254.26502002670213,352.9464133996845,170.37134360966127,352.9464133996845,100.45994659546045,,,,,,,,,,
labeled-data/Movie.S3_cropped/img054c3.png,9.955273698264477,29.32291540235451,69.37996116033503,38.0618400291296,2.9641339968442253,272.26502002670213,16.946413399684502,188.37134360966127,16.946413399684502,118.45994659546045,,,,,,,,,,
labeled-data/Movie.S3_cropped/img054c4.png,,,,,214.96413399684423,130.26502002670213,228.9464133996845,46.37134360966127,,,,,,,,,,,,
labeled-data/Movie.S3_cropped/img054c5.png,,,,,308.9641339968442,16.265020026702132,,,,,,,,,,,,,,
labeled-data/Movie.S3_cropped/img054c6.png,,,,,270.9641339968442,53.26502002670213,,,,,,,,,,,,,,
labeled-data/Movie.S3_cropped/img054c7.png,,,,,,,,,,,,,,,,,,,,
labeled-data/Movie.S3_cropped/img054c8.png,,,,,,,,,,,,,,,,,,,,
labeled-data/Movie.S3_cropped/img054c9.png,,,,,,,,,,,,,,,,,,,,
labeled-data/Movie.S3_cropped/img062c0.png,,,,,63.95527369826448,191.26502002670213,69.19862847432944,128.34476271392145,69.19862847432944,53.19001092365568,,,,,,,,,,
labeled-data/Movie.S3_cropped/img062c1.png,,,,,359.9552736982645,103.26502002670213,365.19862847432944,40.344762713921455,,,,,,,,,,,,
labeled-data/Movie.S3_cropped/img062c2.png,,,,,321.9552736982645,32.26502002670213,,,,,,,,,,,,,,
labeled-data/Movie.S3_cropped/img062c3.png,,,,,207.95527369826448,212.26502002670213,213.19862847432944,149.34476271392145,213.19862847432944,74.19001092365568,,,,,,,,,,
labeled-data/Movie.S3_cropped/img062c4.png,,,,,344.9552736982645,106.26502002670213,350.19862847432944,43.344762713921455,,,,,,,,,,,,
labeled-data/Movie.S3_cropped/img062c5.png,,,,,98.95527369826448,146.26502002670213,104.19862847432944,83.34476271392145,104.19862847432944,8.190010923655677,,,,,,,,,,
labeled-data/Movie.S3_cropped/img062c6.png,,,,,309.9552736982645,230.26502002670213,315.19862847432944,167.34476271392145,315.19862847432944,92.19001092365568,,,,,,,,,,
labeled-data/Movie.S3_cropped/img062c7.png,,,,,,,,,,,,,,,,,,,,
labeled-data/Movie.S3_cropped/img062c8.png,,,,,,,,,,,,,,,,,,,,
labeled-data/Movie.S3_cropped/img062c9.png,85.70305862361954,25.314055103774535,132.89325160820488,30.55740987983961,83.95527369826448,261.26502002670213,89.19862847432944,198.34476271392145,89.19862847432944,123.19001092365568,,,,,,,,,,
labeled-data/Movie.S3_cropped/img069c0.png,,,,,363.9641339968442,30.021665250637056,,,,,,,,,,,,,,
labeled-data/Movie.S3_cropped/img069c1.png,,,,,192.96413399684423,53.02166525063706,,,,,,,,,,,,,,
labeled-data/Movie.S3_cropped/img069c2.png,,,,,372.9641339968442,104.02166525063706,386.9464133996845,39.35362301250143,,,,,,,,,,,,
labeled-data/Movie.S3_cropped/img069c3.png,,,70.37996116033503,62.54854958125975,3.9641339968442253,281.02166525063706,17.946413399684502,216.35362301250143,17.946413399684502,163.9200752518508,,,,,,,,,,
labeled-data/Movie.S3_cropped/img069c4.png,,,,,325.9641339968442,62.02166525063706,,,,,,,,,,,,,,
labeled-data/Movie.S3_cropped/img069c5.png,,,,,112.96413399684423,156.02166525063706,126.9464133996845,91.35362301250143,126.9464133996845,38.92007525185079,,,,,,,,,,
labeled-data/Movie.S3_cropped/img069c6.png,,,,,328.9641339968442,53.02166525063706,,,,,,,,,,,,,,
labeled-data/Movie.S3_cropped/img069c7.png,,,,,0.9641339968442253,123.02166525063706,14.946413399684502,58.35362301250143,14.946413399684502,5.92007525185079,,,,,,,,,,
labeled-data/Movie.S3_cropped/img069c8.png,,,,,,,,,,,,,,,,,,,,
labeled-data/Movie.S3_cropped/img069c9.png,,,,,,,,,,,,,,,,,,,,
labeled-data/Movie.S3_cropped/img072c0.png,,,,,46.95527369826448,101.02166525063706,48.70305862361954,43.344762713921455,,,,,,,,,,,,
labeled-data/Movie.S3_cropped/img072c1.png,,,,,118.95527369826448,12.021665250637056,,,,,,,,,,,,,,
labeled-data/Movie.S3_cropped/img072c2.png,282.7119189221993,43.2963345066147,340.388821458915,41.54854958125975,287.9552736982645,260.02166525063706,289.70305862361954,202.34476271392145,293.19862847432944,135.92893555043077,,,,,,,,,,
labeled-data/Movie.S3_cropped/img072c3.png,,,,,73.95527369826448,216.02166525063706,75.70305862361954,158.34476271392145,79.19862847432944,91.92893555043077,,,,,,,,,,
labeled-data/Movie.S3_cropped/img072c4.png,,,,,316.9552736982645,93.02166525063706,318.70305862361954,35.344762713921455,,,,,,,,,,,,
labeled-data/Movie.S3_cropped/img072c5.png,,,,,,,,,,,,,,,,,,,,
labeled-data/Movie.S3_cropped/img072c6.png,,,,,164.95527369826448,120.02166525063706,166.70305862361954,62.344762713921455,,,,,,,,,,,,
labeled-data/Movie.S3_cropped/img072c7.png,,,,,,,,,,,,,,,,,,,,
labeled-data/Movie.S3_cropped/img072c8.png,,,,,88.95527369826448,4.0216652506370565,,,,,,,,,,,,,,
labeled-data/Movie.S3_cropped/img072c9.png,,,,,,,,,,,,,,,,,,,,
labeled-data/Movie.S3_cropped/img074c0.png,284.2074887729094,16.55740987983961,336.64103653355994,23.54854958125975,280.7119189221993,243.76945017599212,291.19862847432944,193.08368734069654,294.69419832503957,112.68558077436569,,,,,,,,,,
labeled-data/Movie.S3_cropped/img074c1.png,,,,,267.7119189221993,78.76945017599212,278.19862847432944,28.083687340696542,,,,,,,,,,,,
labeled-data/Movie.S3_cropped/img074c2.png,,,,,64.71191892219929,102.76945017599212,75.19862847432944,52.08368734069654,,,,,,,,,,,,
labeled-data/Movie.S3_cropped/img074c3.png,331.2074887729094,49.55740987983961,383.64103653355994,56.54854958125975,327.7119189221993,276.7694501759921,338.19862847432944,226.08368734069654,341.69419832503957,145.6855807743657,,,,,,,,,,
labeled-data/Movie.S3_cropped/img074c4.png,,,,,168.7119189221993,89.76945017599212,179.19862847432944,39.08368734069654,,,,,,,,,,,,
labeled-data/Movie.S3_cropped/img074c5.png,,,,,158.7119189221993,122.76945017599212,169.19862847432944,72.08368734069654,,,,,,,,,,,,
labeled-data/Movie.S3_cropped/img074c6.png,,,,,,,,,,,,,,,,,,,,
labeled-data/Movie.S3_cropped/img074c7.png,,,,,,,,,,,,,,,,,,,,
labeled-data/Movie.S3_cropped/img074c8.png,,,2.641036533559941,47.54854958125975,,,,,,,,,,,,,,,,
labeled-data/Movie.S3_cropped/img074c9.png,,,,,109.71191892219929,139.76945017599212,120.19862847432944,89.08368734069654,123.69419832503957,8.68558077436569,,,,,,,,,,
labeled-data/Movie.S3_cropped/img087c0.png,,,,,72.20748877290941,97.51723510134718,80.9464133996845,27.605838087146367,,,,,,,,,,,,
labeled-data/Movie.S3_cropped/img087c1.png,,,,,69.20748877290941,185.51723510134718,77.9464133996845,115.60583808714637,83.18976817574946,42.19887122223554,,,,,,,,,,
labeled-data/Movie.S3_cropped/img087c2.png,,,,,126.20748877290941,92.51723510134718,134.9464133996845,22.605838087146367,,,,,,,,,,,,
labeled-data/Movie.S3_cropped/img087c3.png,,,,,56.207488772909414,48.51723510134718,,,,,,,,,,,,,,
labeled-data/Movie.S3_cropped/img087c4.png,,,,,321.2074887729094,149.51723510134718,329.9464133996845,79.60583808714637,335.18976817574946,6.198871222235539,,,,,,,,,,
labeled-data/Movie.S3_cropped/img087c5.png,9.955273698264477,57.305194805194674,62.388821458915004,59.05297973054962,8.207488772909414,284.5172351013472,16.946413399684502,214.60583808714637,22.189768175749464,141.19887122223554,,,,,,,,,,
labeled-data/Movie.S3_cropped/img087c6.png,,,,,,,,,,,,,,,,,,,,
labeled-data/Movie.S3_cropped/img087c7.png,,,,,,,,,,,,,,,,,,,,
labeled-data/Movie.S3_cropped/img087c8.png,,,,,,,,,,,,,,,,,,,,
labeled-data/Movie.S3_cropped/img087c9.png,,,,,,,,,,,,,,,,,,,,
labeled-data/Movie.S3_cropped/img109c0.png,,,,,195.45084354897438,203.26502002670213,195.45084354897438,140.34476271392145,200.69419832503957,61.69444107294555,,,,,,,,,,
labeled-data/Movie.S3_cropped/img109c1.png,152.45970384755435,10.314055103774535,204.89325160820488,15.55740987983961,159.45084354897438,246.26502002670213,159.45084354897438,183.34476271392145,164.69419832503957,104.69444107294555,,,,,,,,,,
labeled-data/Movie.S3_cropped/img109c2.png,,,,,,,,,,,,,,,,,398.3793542905694,63.99981793907011,363.42365578346903,2.8273455516444983
labeled-data/Movie.S3_cropped/img109c3.png,,,,,287.4508435489744,206.26502002670213,287.4508435489744,143.34476271392145,292.69419832503957,64.69444107294555,,,,,,,,,,
labeled-data/Movie.S3_cropped/img109c4.png,328.45970384755435,55.314055103774535,380.8932516082049,60.55740987983961,335.4508435489744,291.26502002670213,335.4508435489744,228.34476271392145,340.69419832503957,149.69444107294555,,,,,,,,,,
labeled-data/Movie.S3_cropped/img109c5.png,,,,,,,,,,,,,,,,,,,,
labeled-data/Movie.S3_cropped/img109c6.png,,,,,35.450843548974376,152.26502002670213,35.450843548974376,89.34476271392145,40.694198325039565,10.694441072945551,,,,,,,,,,
labeled-data/Movie.S3_cropped/img109c7.png,,,,,99.45084354897438,39.26502002670213,,,,,,,,,,,,,,
labeled-data/Movie.S3_cropped/img109c8.png,,,,,,,,,,,,,,,,,,,,
labeled-data/Movie.S3_cropped/img109c9.png,,,,,,,,,,,,,,,,,,,,
labeled-data/Movie.S3_cropped/img131c0.png,132.45970384755435,31.2963345066147,191.88439130962513,33.04411943196976,135.95527369826448,248.02166525063706,144.69419832503957,183.35362301250143,144.69419832503957,122.1811506250757,,,,,,,,,,
labeled-data/Movie.S3_cropped/img131c1.png,,,,,296.9552736982645,86.02166525063706,305.69419832503957,21.35362301250143,,,,,,,,,,,,
labeled-data/Movie.S3_cropped/img131c2.png,202.45970384755435,33.2963345066147,261.88439130962513,35.04411943196976,205.95527369826448,250.02166525063706,214.69419832503957,185.35362301250143,214.69419832503957,124.1811506250757,,,,,,,,,,
labeled-data/Movie.S3_cropped/img131c3.png,76.45970384755435,32.2963345066147,135.88439130962513,34.04411943196976,79.95527369826448,249.02166525063706,88.69419832503957,184.35362301250143,88.69419832503957,123.1811506250757,,,,,,,,,,
labeled-data/Movie.S3_cropped/img131c4.png,,,,,267.9552736982645,93.02166525063706,276.69419832503957,28.35362301250143,,,,,,,,,,,,
labeled-data/Movie.S3_cropped/img131c5.png,,,,,,,,,,,,,,,,,,,,
labeled-data/Movie.S3_cropped/img131c6.png,,,,,79.95527369826448,93.02166525063706,88.69419832503957,28.35362301250143,,,,,,,,,,,,
labeled-data/Movie.S3_cropped/img131c7.png,,,,,,,,,,,,,,,,,,,,
labeled-data/Movie.S3_cropped/img131c8.png,,,,,368.9552736982645,6.0216652506370565,,,,,,,,,,,,,,
labeled-data/Movie.S3_cropped/img131c9.png,,,,,,,,,,,,,,,,,,,,
labeled-data/Movie.S3_cropped/img135c0.png,,,,,337.9464133996845,82.02166525063706,341.4419832503946,8.614698385726342,,,,,,,,,,,,
labeled-data/Movie.S3_cropped/img135c1.png,,,,,128.9464133996845,28.021665250637056,,,,,,,,,,,,,,
labeled-data/Movie.S3_cropped/img135c2.png,,,,,366.9464133996845,113.02166525063706,370.4419832503946,39.61469838572634,,,,,,,,,,,,
labeled-data/Movie.S3_cropped/img135c3.png,,,,,298.9464133996845,165.02166525063706,302.4419832503946,91.61469838572634,302.4419832503946,28.69444107294555,,,,,,,,,,
labeled-data/Movie.S3_cropped/img135c4.png,,,,,81.9464133996845,18.021665250637056,,,,,,,,,,,,,,
labeled-data/Movie.S3_cropped/img135c5.png,,,,,290.9464133996845,10.021665250637056,,,,,,,,,,,,,,
labeled-data/Movie.S3_cropped/img135c6.png,376.45970384755435,24.305194805194674,,,386.9464133996845,248.02166525063706,390.4419832503946,174.61469838572634,390.4419832503946,111.69444107294555,,,,,,,,,,
labeled-data/Movie.S3_cropped/img135c7.png,,,,,324.9464133996845,77.02166525063706,328.4419832503946,3.614698385726342,,,,,,,,,,,,
labeled-data/Movie.S3_cropped/img135c8.png,,,,,67.9464133996845,204.02166525063706,71.44198325039463,130.61469838572634,71.44198325039463,67.69444107294555,,,,,,,,,,
labeled-data/Movie.S3_cropped/img135c9.png,,,,,292.9464133996845,199.02166525063706,296.4419832503946,125.61469838572634,296.4419832503946,62.69444107294555,,,,,,,,,,
labeled-data/Movie.S3_cropped/img146c0.png,,,,,341.4419832503946,79.76945017599212,339.69419832503957,18.596977788566505,,,,,,,,,,,,
labeled-data/Movie.S3_cropped/img146c1.png,,,,,226.44198325039463,124.76945017599212,224.69419832503957,63.596977788566505,,,,,,,,,,,,
labeled-data/Movie.S3_cropped/img146c2.png,231.45084354897438,56.566270178419586,285.63217623497997,56.566270178419586,238.44198325039463,290.7694501759921,236.69419832503957,229.5969777885665,241.93755310110453,154.44222599830061,,,,,,,,,,
labeled-data/Movie.S3_cropped/img146c3.png,,,,,,,,,,,,,,,,,,,,
labeled-data/Movie.S3_cropped/img146c4.png,,,,,,,,,,,,,,,,,,,,
labeled-data/Movie.S3_cropped/img146c5.png,,,,,,,,,,,,,,,,,,,,
labeled-data/Movie.S3_cropped/img146c6.png,,,,,32.44198325039463,115.76945017599212,30.694198325039565,54.596977788566505,,,,,,,,,,,,
labeled-data/Movie.S3_cropped/img146c7.png,,,,,,,,,,,347.6935914552739,44.24317271513519,391.38821458914936,23.269753610875,,,,,,
labeled-data/Movie.S3_cropped/img146c8.png,,,,,,,,,,,,,,,,,,,,
labeled-data/Movie.S3_cropped/img146c9.png,,,,,,,,,,,,,,,,,,,,
labeled-data/Movie.S3_cropped/img155c0.png,87.21634907148939,60.54854958125975,144.89325160820488,62.2963345066147,102.9464133996845,284.26502002670213,108.18976817574946,212.60583808714637,108.18976817574946,149.6855807743657,,,,,,,,,,
labeled-data/Movie.S3_cropped/img155c1.png,,,,,,,,,,,354.68473115669394,7.225452117975351,,,,,,,,
labeled-data/Movie.S3_cropped/img155c2.png,,,,,,,,,,,347.68473115669394,119.22545211797535,386.1359995145044,98.25203301371505,,,,,394.8749241412795,197.87577375895125
labeled-data/Movie.S3_cropped/img155c3.png,,,,,,,,,,,,,,,,,,,,
labeled-data/Movie.S3_cropped/img155c4.png,,,,,,,,,,,,,,,,,,,,
labeled-data/Movie.S3_cropped/img155c5.png,,,,,,,,,,,,,,,,,,,,
labeled-data/Movie.S3_cropped/img155c6.png,,,,,20.946413399684502,150.26502002670213,26.189768175749464,78.60583808714637,26.189768175749464,15.68558077436569,,,,,,,,,,
labeled-data/Movie.S3_cropped/img155c7.png,,,,,,,,,,,357.68473115669394,101.22545211797535,396.1359995145044,80.25203301371505,,,,,,
labeled-data/Movie.S3_cropped/img155c8.png,,,,,,,,,,,,,,,,,,,,
labeled-data/Movie.S3_cropped/img155c9.png,,,,,,,,,,,,,,,,,,,,
labeled-data/Movie.S3_cropped/img157c0.png,,,,,215.18976817574946,179.0128049520572,208.19862847432944,110.84919286321144,213.44198325039463,25.207731520815514,,,,,,,,,,
labeled-data/Movie.S3_cropped/img157c1.png,,,8.64103653355994,52.04411943196976,,,,,,,373.9280859327589,109.72102196868536,,,,,,,,
labeled-data/Movie.S3_cropped/img157c2.png,,,,,,,,,,,,,,,,,,,,
labeled-data/Movie.S3_cropped/img157c3.png,,,,,70.18976817574946,72.0128049520572,63.19862847432944,3.8491928632114423,,,,,,,,,,,,
labeled-data/Movie.S3_cropped/img157c4.png,,,,,224.18976817574946,100.0128049520572,217.19862847432944,31.849192863211442,,,,,,,,,,,,
labeled-data/Movie.S3_cropped/img157c5.png,,,,,384.18976817574946,200.0128049520572,377.19862847432944,131.84919286321144,382.4419832503946,46.207731520815514,,,,,,,,,,
labeled-data/Movie.S3_cropped/img157c6.png,,,,,,,,,,,,,,,,,,,,
labeled-data/Movie.S3_cropped/img157c7.png,,,,,,,,,,,,,,,,,,,,
labeled-data/Movie.S3_cropped/img157c8.png,121.45970384755435,41.800764655904686,175.64103653355994,47.04411943196976,137.18976817574946,269.0128049520572,130.19862847432944,200.84919286321144,135.44198325039463,115.20773152081551,,,,,,,,,,
labeled-data/Movie.S3_cropped/img157c9.png,,,,,,,,,,,,,,,,,,,,
labeled-data/Movie.S3_cropped/img175c0.png,,,,,103.44198325039463,153.0128049520572,108.68533802645959,93.58811748998653,108.68533802645959,13.190010923655677,,,,,,,,,,
labeled-data/Movie.S3_cropped/img175c1.png,264.45970384755435,8.800764655904686,320.388821458915,8.800764655904686,278.4419832503946,236.0128049520572,283.6853380264596,176.58811748998653,283.6853380264596,96.19001092365568,,,,,,,,,,
labeled-data/Movie.S3_cropped/img175c2.png,,,,,2.441983250394628,195.0128049520572,7.68533802645959,135.58811748998653,7.68533802645959,55.19001092365568,,,,,358.9901080228185,249.19413763806278,393.94580652991885,191.51723510134718,,
labeled-data/Movie.S3_cropped/img175c3.png,,,,,332.4419832503946,5.012804952057195,,,,,,,,,,,,,,
labeled-data/Movie.S3_cropped/img175c4.png,,,,,102.44198325039463,223.0128049520572,107.68533802645959,163.58811748998653,107.68533802645959,83.19001092365568,,,,,,,,,,
labeled-data/Movie.S3_cropped/img175c5.png,,,,,,,,,,,,,,,,,,,,
labeled-data/Movie.S3_cropped/img175c6.png,,,,,,,,,,,,,,,,,,,,
labeled-data/Movie.S3_cropped/img175c7.png,,,,,,,,,,,,,,,,,,,,
labeled-data/Movie.S3_cropped/img175c8.png,,,,,,,,,,,,,,,337.9901080228185,194.19413763806278,372.94580652991885,136.51723510134718,,
labeled-data/Movie.S3_cropped/img175c9.png,,,,,104.44198325039463,200.0128049520572,109.68533802645959,140.58811748998653,109.68533802645959,60.19001092365568,,,,,,,,,,
labeled-data/Movie.S3_cropped/img180c0.png,,,,,,,,,,,,,,,329.50339847068835,45.698567787352715,,,,
labeled-data/Movie.S3_cropped/img180c1.png,301.2163490714894,22.052979730549623,371.1277460856901,15.061840029129598,318.69419832503957,245.76945017599212,320.4419832503946,177.60583808714637,323.9375531011045,123.42450540114078,,,,,,,,,,
labeled-data/Movie.S3_cropped/img180c2.png,,,,,267.69419832503957,10.76945017599212,,,,,,,,,,,,,,
labeled-data/Movie.S3_cropped/img180c3.png,,,,,329.69419832503957,197.76945017599212,331.4419832503946,129.60583808714637,334.9375531011045,75.42450540114078,,,,,,,,,,
labeled-data/Movie.S3_cropped/img180c4.png,307.2163490714894,30.052979730549623,377.1277460856901,23.0618400291296,324.69419832503957,253.76945017599212,326.4419832503946,185.60583808714637,329.9375531011045,131.42450540114078,,,,,,,,,,
labeled-data/Movie.S3_cropped/img180c5.png,,,,,270.69419832503957,182.76945017599212,272.4419832503946,114.60583808714637,275.9375531011045,60.42450540114078,,,,,,,,,,
labeled-data/Movie.S3_cropped/img180c6.png,,,,,264.69419832503957,127.76945017599212,266.4419832503946,59.60583808714637,269.9375531011045,5.424505401140777,,,,,,,,,,
labeled-data/Movie.S3_cropped/img180c7.png,,,,,109.69419832503957,196.76945017599212,111.44198325039463,128.60583808714637,114.93755310110453,74.42450540114078,,,,,,,,,,
labeled-data/Movie.S3_cropped/img180c8.png,,,,,159.69419832503957,126.76945017599212,161.44198325039463,58.60583808714637,164.93755310110453,4.424505401140777,,,,,,,,,,
labeled-data/Movie.S3_cropped/img180c9.png,393.2163490714894,7.052979730549623,,,,,,,,,,,,,,,,,,
labeled-data/Movie.S3_cropped/img181c0.png,334.7119189221993,44.80962495448455,392.388821458915,51.800764655904686,348.69419832503957,272.02166525063706,346.9464133996845,214.34476271392145,353.9375531011045,130.4510862968806,,,,,,,,,,
labeled-data/Movie.S3_cropped/img181c1.png,,,,,242.69419832503957,4.0216652506370565,,,,,,,,,,,,,,
labeled-data/Movie.S3_cropped/img181c2.png,289.7119189221993,66.80962495448455,347.388821458915,73.80076465590469,303.69419832503957,294.02166525063706,301.9464133996845,236.34476271392145,308.9375531011045,152.4510862968806,,,,,,,,,,
labeled-data/Movie.S3_cropped/img181c3.png,,,,,273.69419832503957,65.02166525063706,271.9464133996845,7.344762713921455,,,,,,,,,,,,
labeled-data/Movie.S3_cropped/img181c4.png,,,43.388821458915004,5.800764655904686,,,,,4.937553101104527,84.45108629688059,,,,,335.26890399320314,285.4463527127078,380.71131205243364,215.53495569850702,,
labeled-data/Movie.S3_cropped/img181c5.png,,,,,,,,,,,381.12713921592444,138.69444107294555,,,269.26890399320314,334.4463527127078,314.71131205243364,264.534955698507,361.9015050370192,220.84033256463147
labeled-data/Movie.S3_cropped/img181c6.png,,,,,300.69419832503957,80.02166525063706,298.9464133996845,22.344762713921455,,,,,,,,,,,,
labeled-data/Movie.S3_cropped/img181c7.png,,,,,,,,,,,,,,,,,,,,
labeled-data/Movie.S3_cropped/img181c8.png,,,,,,,,,,,,,,,,,,,,
labeled-data/Movie.S3_cropped/img181c9.png,,,,,,,,,,,,,,,,,,,,
labeled-data/Movie.S3_cropped/img189c0.png,93.71191892219929,15.55740987983961,140.90211190678485,22.54854958125975,100.70305862361954,242.76945017599212,109.44198325039463,181.5969777885665,111.18976817574946,115.1811506250757,,,,,389.08757130719755,300.4463527127078,,,,
labeled-data/Movie.S3_cropped/img189c1.png,,,250.90211190678485,2.548549581259749,210.70305862361954,222.76945017599212,219.44198325039463,161.5969777885665,221.18976817574946,95.1811506250757,,,,,,,,,,
labeled-data/Movie.S3_cropped/img189c2.png,,,,,146.70305862361954,172.76945017599212,155.44198325039463,111.5969777885665,157.18976817574946,45.1811506250757,,,,,,,,,,
labeled-data/Movie.S3_cropped/img189c3.png,114.71191892219929,64.55740987983961,161.90211190678485,71.54854958125975,121.70305862361954,291.7694501759921,130.44198325039463,230.5969777885665,132.18976817574946,164.1811506250757,,,,,,,,,,
labeled-data/Movie.S3_cropped/img189c4.png,,,,,170.70305862361954,219.76945017599212,179.44198325039463,158.5969777885665,181.18976817574946,92.1811506250757,,,,,,,,,,
labeled-data/Movie.S3_cropped/img189c5.png,,,,,265.70305862361954,23.76945017599212,,,,,,,,,,,,,,
labeled-data/Movie.S3_cropped/img189c6.png,,,,,,,,,,,,,,,,,,,,
labeled-data/Movie.S3_cropped/img189c7.png,,,,,28.70305862361954,199.76945017599212,37.44198325039463,138.5969777885665,39.189768175749464,72.1811506250757,,,,,317.08757130719755,257.4463527127078,369.5211190678481,194.52609539992704,,
labeled-data/Movie.S3_cropped/img189c8.png,,,,,,,,,,,,,,,,,,,,
labeled-data/Movie.S3_cropped/img189c9.png,,,,,277.70305862361954,95.76945017599212,286.4419832503946,34.596977788566505,,,,,,,,,,,,
labeled-data/Movie.S3_cropped/img198c0.png,,,,,365.19862847432944,115.51723510134718,366.9464133996845,56.09254763927652,,,,,,,,,,,,
labeled-data/Movie.S3_cropped/img198c1.png,,,,,,,,,,,,,,,182.70718533802653,176.53495569850702,263.1052919043573,160.8048913703118,333.0166889185582,155.56153659424672
labeled-data/Movie.S3_cropped/img198c2.png,,,,,65.19862847432944,86.51723510134718,66.9464133996845,27.092547639276518,,,,,,,255.70718533802653,72.53495569850702,336.1052919043573,56.80489137031179,,
labeled-data/Movie.S3_cropped/img198c3.png,348.72077922077926,56.539689282679774,,,366.19862847432944,271.5172351013472,367.9464133996845,212.09254763927652,369.69419832503957,136.93779584901063,,,,,,,,,,
labeled-data/Movie.S3_cropped/img198c4.png,,,,,221.19862847432944,153.51723510134718,222.9464133996845,94.09254763927652,224.69419832503957,18.937795849010627,,,,,,,,,,
labeled-data/Movie.S3_cropped/img198c5.png,,,,,198.19862847432944,65.51723510134718,199.9464133996845,6.092547639276518,,,,,,,388.70718533802653,51.53495569850702,,,,
labeled-data/Movie.S3_cropped/img198c6.png,,,,,308.19862847432944,147.51723510134718,309.9464133996845,88.09254763927652,311.69419832503957,12.937795849010627,,,,,,,,,,
labeled-data/Movie.S3_cropped/img198c7.png,,,,,214.19862847432944,180.51723510134718,215.9464133996845,121.09254763927652,217.69419832503957,45.93779584901063,,,,,,,,,,
labeled-data/Movie.S3_cropped/img198c8.png,,,,,,,,,,,,,,,,,,,,
labeled-data/Movie.S3_cropped/img198c9.png,278.72077922077926,59.539689282679774,332.90211190678485,66.5308289840998,296.19862847432944,274.5172351013472,297.9464133996845,215.09254763927652,299.69419832503957,139.93779584901063,,,,,,,,,,
labeled-data/Movie.S3_cropped/img200c0.png,,,,,208.95527369826448,178.76058987741226,222.93755310110453,119.3359024153416,219.44198325039463,31.946656147590602,,,,,,,,,,
labeled-data/Movie.S3_cropped/img200c1.png,,,,,208.95527369826448,64.76058987741226,222.93755310110453,5.335902415341593,,,,,,,,,,,,
labeled-data/Movie.S3_cropped/img200c2.png,,,26.64103653355994,23.305194805194674,,,,,,,386.68473115669394,145.65013958004602,,,169.95940041267147,233.039385847797,246.8619371282923,222.55267629566686,322.0166889185582,212.0659667435367
labeled-data/Movie.S3_cropped/img200c3.png,,,,,33.95527369826448,168.76058987741226,47.93755310110453,109.3359024153416,44.44198325039463,21.946656147590602,,,,,227.95940041267147,146.039385847797,304.8619371282923,135.55267629566686,380.0166889185582,125.0659667435367
labeled-data/Movie.S3_cropped/img200c4.png,,,,,,,,,,,,,,,,,,,,
labeled-data/Movie.S3_cropped/img200c5.png,,,,,227.95527369826448,22.760589877412258,,,,,,,,,,,,,,
labeled-data/Movie.S3_cropped/img200c6.png,,,,,176.95527369826448,220.76058987741226,190.93755310110453,161.3359024153416,187.44198325039463,73.9466561475906,,,,,370.95940041267147,198.039385847797,,,,
labeled-data/Movie.S3_cropped/img200c7.png,,,,,,,,,,,,,,,,,,,,
labeled-data/Movie.S3_cropped/img200c8.png,,,,,150.95527369826448,72.76058987741226,164.93755310110453,13.335902415341593,,,,,,,344.95940041267147,50.03938584779701,,,,
labeled-data/Movie.S3_cropped/img200c9.png,,,,,,,,,,,,,,,,,,,,
labeled-data/Movie.S3_cropped/img203c0.png,218.96413399684423,32.305194805194674,266.1543269814298,28.809624954484548,232.9464133996845,261.26502002670213,231.19862847432944,196.5969777885665,232.9464133996845,135.42450540114078,,,,,,,,,,
labeled-data/Movie.S3_cropped/img203c1.png,266.9641339968442,19.305194805194674,314.1543269814298,15.809624954484548,280.9464133996845,248.26502002670213,279.19862847432944,183.5969777885665,280.9464133996845,122.42450540114078,,,,,,,,,,
labeled-data/Movie.S3_cropped/img203c2.png,,,,,223.9464133996845,107.26502002670213,222.19862847432944,42.596977788566505,,,,,,,398.7249059351865,77.55267629566686,,,,
labeled-data/Movie.S3_cropped/img203c3.png,371.9641339968442,15.305194805194674,,,385.9464133996845,244.26502002670213,384.19862847432944,179.5969777885665,385.9464133996845,118.42450540114078,,,,,,,,,,
labeled-data/Movie.S3_cropped/img203c4.png,,,,,12.946413399684502,111.26502002670213,11.198628474329439,46.596977788566505,,,,,,,187.72490593518648,81.55267629566686,255.888518024032,81.55267629566686,352.0166889185582,72.81375166889177
labeled-data/Movie.S3_cropped/img203c5.png,87.96413399684423,56.305194805194674,135.1543269814298,52.80962495448455,101.9464133996845,285.26502002670213,100.19862847432944,220.5969777885665,101.9464133996845,159.42450540114078,,,,,276.7249059351865,255.55267629566686,344.888518024032,255.55267629566686,,
labeled-data/Movie.S3_cropped/img203c6.png,72.96413399684423,3.305194805194674,,,86.9464133996845,232.26502002670213,85.19862847432944,167.5969777885665,86.9464133996845,106.42450540114078,,,,,261.7249059351865,202.55267629566686,329.888518024032,202.55267629566686,,
labeled-data/Movie.S3_cropped/img203c7.png,,,,,335.9464133996845,201.26502002670213,334.19862847432944,136.5969777885665,335.9464133996845,75.42450540114078,,,,,,,,,,
labeled-data/Movie.S3_cropped/img203c8.png,18.964133996844225,53.305194805194674,66.15432698142979,49.80962495448455,32.9464133996845,282.26502002670213,31.19862847432944,217.5969777885665,32.9464133996845,156.42450540114078,,,,,207.72490593518648,252.55267629566686,275.888518024032,252.55267629566686,372.0166889185582,243.81375166889177
labeled-data/Movie.S3_cropped/img203c9.png,,,,,268.9464133996845,131.26502002670213,267.19862847432944,66.5969777885665,268.9464133996845,5.424505401140777,,,,,,,,,,
labeled-data/Movie.S3_cropped/img209c0.png,,,,,171.45084354897438,72.51723510134718,171.45084354897438,13.092547639276518,,,,,,,321.76034712950616,55.03938584779701,,,,
labeled-data/Movie.S3_cropped/img209c1.png,,,,,,,,,,,352.9635271270786,124.88463405753112,366.94580652991885,207.03052554921703,118.76034712950616,200.039385847797,199.1584536958369,191.3004612210218,269.0698507100376,189.55267629566686
labeled-data/Movie.S3_cropped/img209c2.png,145.70305862361954,14.296334506614699,196.388821458915,10.800764655904686,147.45084354897438,234.51723510134718,147.45084354897438,175.09254763927652,150.9464133996845,115.66786017720585,,,,,297.76034712950616,217.039385847797,378.1584536958369,208.3004612210218,,
labeled-data/Movie.S3_cropped/img209c3.png,,,,,331.4508435489744,72.51723510134718,331.4508435489744,13.092547639276518,,,,,,,,,,,,
labeled-data/Movie.S3_cropped/img209c4.png,,,,,325.4508435489744,134.51723510134718,325.4508435489744,75.09254763927652,328.9464133996845,15.667860177205853,,,,,,,,,,
labeled-data/Movie.S3_cropped/img209c5.png,,,,,,,,,,,,,,,,,,,,
labeled-data/Movie.S3_cropped/img209c6.png,293.70305862361954,18.2963345066147,344.388821458915,14.800764655904686,295.4508435489744,238.51723510134718,295.4508435489744,179.09254763927652,298.9464133996845,119.66786017720585,,,,,,,,,,
labeled-data/Movie.S3_cropped/img209c7.png,,,,,,,,,,,,,,,,,,,,
labeled-data/Movie.S3_cropped/img209c8.png,,,,,340.4508435489744,43.51723510134718,,,,,,,,,,,,,,
labeled-data/Movie.S3_cropped/img209c9.png,,,,,,,,,,,,,,,,,,,,
labeled-data/Movie.S3_cropped/img228c0.png,303.72077922077926,49.05297973054962,364.8932516082049,59.539689282679774,310.7119189221993,276.26502002670213,314.2074887729094,220.3359024153416,326.4419832503946,138.19001092365568,,,,,,,,,,
labeled-data/Movie.S3_cropped/img228c1.png,,,,,,,,,,,274.0166889185582,72.89349435611109,286.2511833960432,156.78717077315196,29.32679936885563,137.56153659424672,100.9859813084114,130.5703968928267,179.63630294938707,127.07482704211668
labeled-data/Movie.S3_cropped/img228c2.png,,,,,55.71191892219929,164.26502002670213,59.207488772909414,108.3359024153416,71.44198325039463,26.190010923655677,,,,,162.32679936885563,127.56153659424672,233.9859813084114,120.5703968928267,312.6363029493871,117.07482704211668
labeled-data/Movie.S3_cropped/img228c3.png,,,,,21.71191892219929,214.26502002670213,25.207488772909414,158.3359024153416,37.44198325039463,76.19001092365568,373.0166889185582,112.89349435611109,385.2511833960432,196.78717077315196,128.32679936885563,177.56153659424672,199.9859813084114,170.5703968928267,278.6363029493871,167.07482704211668
labeled-data/Movie.S3_cropped/img228c4.png,,,,,225.7119189221993,72.26502002670213,229.20748877290941,16.335902415341593,,,,,,,332.32679936885563,35.56153659424672,,,,
labeled-data/Movie.S3_cropped/img228c5.png,,,,,,,,,,,274.0166889185582,22.89349435611109,286.2511833960432,106.78717077315196,29.32679936885563,87.56153659424672,100.9859813084114,80.5703968928267,179.63630294938707,77.07482704211668
labeled-data/Movie.S3_cropped/img228c6.png,,,,,,,,,,,,,,,,,,,,
labeled-data/Movie.S3_cropped/img228c7.png,,,,,,,,,,,,,,,,,,,,
labeled-data/Movie.S3_cropped/img228c8.png,,,,,,,,,,,,,,,,,,,,
labeled-data/Movie.S3_cropped/img228c9.png,,,,,,,,,,,,,,,,,,,,
labeled-data/Movie.S3_cropped/img240c0.png,326.2163490714894,69.79190435732471,389.13660638427007,75.03525913338979,329.7119189221993,286.5172351013472,336.70305862361954,241.07482704211668,347.18976817574946,141.4510862968806,,,,,,,,,,
labeled-data/Movie.S3_cropped/img240c1.png,,,,,61.71191892219929,98.51723510134718,68.70305862361954,53.07482704211668,,,,,,,150.84895011530546,60.065966743536706,238.23819638305633,47.831472266051605,316.888518024032,46.08368734069654
labeled-data/Movie.S3_cropped/img240c2.png,,,,,31.71191892219929,52.51723510134718,38.70305862361954,7.074827042116681,,,,,383.0166889185582,29.79603107173193,120.84895011530546,14.065966743536706,208.23819638305633,1.8314722660516054,286.888518024032,0.08368734069654238
labeled-data/Movie.S3_cropped/img240c3.png,,,,,286.7119189221993,152.51723510134718,293.70305862361954,107.07482704211668,304.18976817574946,7.4510862968805895,,,,,375.84895011530546,114.0659667435367,,,,
labeled-data/Movie.S3_cropped/img240c4.png,,,,,82.71191892219929,11.517235101347183,,,,,,,,,,,,,,
labeled-data/Movie.S3_cropped/img240c5.png,,,,,299.7119189221993,162.51723510134718,306.70305862361954,117.07482704211668,317.18976817574946,17.45108629688059,,,,,388.84895011530546,124.0659667435367,,,,
labeled-data/Movie.S3_cropped/img240c6.png,,,,,,,,,,,,,,,,,,,,
labeled-data/Movie.S3_cropped/img240c7.png,,,,,89.71191892219929,137.51723510134718,96.70305862361954,92.07482704211668,,,,,,,178.84895011530546,99.0659667435367,266.23819638305633,86.8314722660516,344.888518024032,85.08368734069654
labeled-data/Movie.S3_cropped/img240c8.png,,,,,,,,,,,,,,,,,,,,
labeled-data/Movie.S3_cropped/img240c9.png,,,,,,,,,,,,,,,,,,,,
labeled-data/Movie.S3_cropped/img250c0.png,,,,,223.45970384755435,92.71628838451261,225.20748877290941,0.08368734069654238,,,,,,,312.5967350406603,21.057106444956844,380.76034712950616,0.08368734069654238,,
labeled-data/Movie.S3_cropped/img250c1.png,,,,,43.45970384755435,195.7162883845126,45.207488772909414,103.08368734069654,52.19862847432944,40.163430027915865,387.773334142493,24.433365699720753,398.26004369462316,117.0659667435367,132.5967350406603,124.05710644495684,200.76034712950616,103.08368734069654,293.3929481733221,96.09254763927652
labeled-data/Movie.S3_cropped/img250c2.png,,,,,352.45970384755435,81.71628838451261,,,,,,,,,,,,,,
labeled-data/Movie.S3_cropped/img250c3.png,163.9729942954242,18.305194805194674,221.64989683213992,16.55740987983961,174.45970384755435,285.7162883845126,176.20748877290941,193.08368734069654,183.19862847432944,130.16343002791587,,,,,263.5967350406603,214.05710644495684,331.76034712950616,193.08368734069654,,
labeled-data/Movie.S3_cropped/img250c4.png,202.9729942954242,18.305194805194674,260.6498968321399,16.55740987983961,213.45970384755435,285.7162883845126,215.20748877290941,193.08368734069654,222.19862847432944,130.16343002791587,,,,,302.5967350406603,214.05710644495684,370.76034712950616,193.08368734069654,,
labeled-data/Movie.S3_cropped/img250c5.png,256.9729942954242,5.305194805194674,314.6498968321399,3.5574098798396108,267.45970384755435,272.7162883845126,269.2074887729094,180.08368734069654,276.19862847432944,117.16343002791587,,,,,356.5967350406603,201.05710644495684,,,,
labeled-data/Movie.S3_cropped/img250c6.png,,,,,308.45970384755435,48.71628838451261,,,,,,,,,,,,,,
labeled-data/Movie.S3_cropped/img250c7.png,,,,,176.45970384755435,96.71628838451261,178.20748877290941,4.083687340696542,,,,,,,265.5967350406603,25.057106444956844,333.76034712950616,4.083687340696542,,
labeled-data/Movie.S3_cropped/img250c8.png,,,,,,,,,,,,,,,,,,,,
labeled-data/Movie.S3_cropped/img250c9.png,152.9729942954242,59.305194805194674,210.64989683213992,57.55740987983961,163.45970384755435,326.7162883845126,165.20748877290941,234.08368734069654,172.19862847432944,171.16343002791587,,,,,252.5967350406603,255.05710644495684,320.76034712950616,234.08368734069654,,
labeled-data/Movie.S3_cropped/img257c0.png,288.72077922077926,13.54854958125975,356.88439130962513,13.54854958125975,297.45970384755435,273.96850345915755,302.70305862361954,179.58811748998653,320.1809078771697,95.69444107294555,,,,,384.84895011530546,204.05710644495684,,,,
labeled-data/Movie.S3_cropped/img257c1.png,,,,,373.45970384755435,107.96850345915755,378.70305862361954,13.58811748998653,,,,,,,,,,,,
labeled-data/Movie.S3_cropped/img257c2.png,20.720779220779264,62.54854958125975,88.88439130962513,62.54854958125975,29.45970384755435,322.96850345915755,34.70305862361954,228.58811748998653,52.180907877169716,144.69444107294555,307.35750697900244,90.51310838693996,321.3397863818425,284.5172351013472,116.84895011530546,253.05710644495684,169.28249787595598,251.30932151960178,288.1318728000972,226.84033256463147
labeled-data/Movie.S3_cropped/img257c3.png,,,,,135.45970384755435,198.96850345915755,140.70305862361954,104.58811748998653,158.18090787716972,20.69444107294555,,,,,222.84895011530546,129.05710644495684,275.282497875956,127.30932151960178,394.1318728000972,102.84033256463147
labeled-data/Movie.S3_cropped/img257c4.png,,,,,,,,,,,,,,,,,,,,
labeled-data/Movie.S3_cropped/img257c5.png,,,,,84.45970384755435,148.96850345915755,89.70305862361954,54.58811748998653,,,,,376.3397863818425,110.51723510134718,171.84895011530546,79.05710644495684,224.28249787595598,77.30932151960178,343.1318728000972,52.84033256463147
labeled-data/Movie.S3_cropped/img257c6.png,,,,,,,,,,,,,,,,,,,,
labeled-data/Movie.S3_cropped/img257c7.png,,,,,,,,,,,,,,,,,,,,
labeled-data/Movie.S3_cropped/img257c8.png,,,,,,,,,,,,,,,,,,,,
labeled-data/Movie.S3_cropped/img257c9.png,,,64.88439130962513,42.54854958125975,5.459703847554351,302.96850345915755,10.70305862361954,208.58811748998653,28.180907877169716,124.69444107294555,283.35750697900244,70.51310838693996,297.3397863818425,264.5172351013472,92.84895011530546,233.05710644495684,145.28249787595598,231.30932151960178,264.1318728000972,206.84033256463147
labeled-data/Movie.S3_cropped/img262c0.png,252.46856414613433,79.2963345066147,318.88439130962513,84.53968928267977,254.2163490714894,337.96850345915755,255.96413399684423,275.04824614637687,266.4508435489744,198.14570943075603,,,,,329.37110086175505,269.8048913703118,,,,
labeled-data/Movie.S3_cropped/img262c1.png,,,,,296.2163490714894,135.96850345915755,297.9641339968442,73.04824614637687,,,,,,,371.37110086175505,67.8048913703118,,,,
labeled-data/Movie.S3_cropped/img262c2.png,,,2.88439130962513,42.539689282679774,,,,,,,238.8353562325526,91.47766719262029,219.60972205364737,254.02166525063706,13.371100861755053,227.8048913703118,85.03028280131105,208.57925719140655,209.12301250151722,185.8580531617913
labeled-data/Movie.S3_cropped/img262c3.png,118.46856414613433,15.296334506614699,184.88439130962513,20.539689282679774,120.21634907148939,273.96850345915755,121.96413399684423,211.04824614637687,132.45084354897438,134.14570943075603,,,,,195.37110086175505,205.8048913703118,267.03028280131105,186.57925719140655,391.1230125015172,163.8580531617913
labeled-data/Movie.S3_cropped/img262c4.png,,,,,172.2163490714894,116.96850345915755,173.96413399684423,54.04824614637687,,,,,,,247.37110086175505,48.80489137031179,319.03028280131105,29.579257191406555,,
labeled-data/Movie.S3_cropped/img262c5.png,,,354.88439130962513,4.539689282679774,290.2163490714894,257.96850345915755,291.9641339968442,195.04824614637687,302.4508435489744,118.14570943075603,,,,,365.37110086175505,189.8048913703118,,,,
labeled-data/Movie.S3_cropped/img262c6.png,,,,,185.2163490714894,220.96850345915755,186.96413399684423,158.04824614637687,197.45084354897438,81.14570943075603,,,,,260.37110086175505,152.8048913703118,332.03028280131105,133.57925719140655,,
labeled-data/Movie.S3_cropped/img262c7.png,,,,,,,,,,,,,202.60972205364737,137.02166525063706,,,68.03028280131105,91.57925719140655,192.12301250151722,68.8580531617913
labeled-data/Movie.S3_cropped/img262c8.png,,,,,,,,,,,,,,,,,,,,
labeled-data/Movie.S3_cropped/img262c9.png,,,,,,,,,,,,,,,,,,,,
labeled-data/Movie.S3_cropped/img265c0.png,,,,,75.96413399684423,39.464073309867615,,,,,,,357.35750697900244,1.012804952057195,,,,,,
labeled-data/Movie.S3_cropped/img265c1.png,,,,,77.96413399684423,102.46407330986762,70.9729942954242,22.065966743536706,,,,,359.35750697900244,64.0128049520572,146.1277460856901,34.300461221021806,214.29135817453596,34.300461221021806,303.4283893676419,16.82261196747163
labeled-data/Movie.S3_cropped/img265c2.png,,,55.13660638427007,91.77418376016487,,,,,0.9552736982644774,186.154569729336,291.08757130719755,154.69444107294555,275.35750697900244,298.0128049520572,62.12774608569009,268.3004612210218,130.29135817453596,268.3004612210218,219.4283893676419,250.82261196747163
labeled-data/Movie.S3_cropped/img265c3.png,245.72077922077926,58.79190435732471,312.13660638427007,72.77418376016487,250.96413399684423,317.4640733098676,243.9729942954242,237.0659667435367,257.9552736982645,167.154569729336,,,,,319.1277460856901,249.3004612210218,387.29135817453596,249.3004612210218,,
labeled-data/Movie.S3_cropped/img265c4.png,392.72077922077926,82.79190435732471,,,397.9641339968442,341.4640733098676,390.9729942954242,261.0659667435367,,,,,,,,,,,,
labeled-data/Movie.S3_cropped/img265c5.png,,,,,,,,,,,,,224.35750697900244,117.0128049520572,11.127746085690092,87.3004612210218,79.29135817453596,87.3004612210218,168.4283893676419,69.82261196747163
labeled-data/Movie.S3_cropped/img265c6.png,,,,,190.96413399684423,209.46407330986762,183.9729942954242,129.0659667435367,197.95527369826448,59.154569729336,,,,,259.1277460856901,141.3004612210218,327.29135817453596,141.3004612210218,,
labeled-data/Movie.S3_cropped/img265c7.png,,,,,115.96413399684423,163.46407330986762,108.9729942954242,83.0659667435367,122.95527369826448,13.154569729336004,,,397.35750697900244,125.0128049520572,184.1277460856901,95.3004612210218,252.29135817453596,95.3004612210218,341.4283893676419,77.82261196747163
labeled-data/Movie.S3_cropped/img265c8.png,,,,,132.96413399684423,30.464073309867615,,,,,,,,,,,,,,
labeled-data/Movie.S3_cropped/img265c9.png,,,,,,,,,,,,,,,,,,,,
labeled-data/Movie.S3_cropped/img266c0.png,,,,,168.98185459400418,114.21185823522262,170.72963951935924,19.831472266051605,,,,,,,256.37110086175505,54.787170773151956,331.52585265202094,33.81375166889177,,
labeled-data/Movie.S3_cropped/img266c1.png,,,,,121.98185459400418,49.21185823522262,,,,,,,,,,,,,,
labeled-data/Movie.S3_cropped/img266c2.png,,,,,206.98185459400418,175.21185823522262,208.72963951935924,80.8314722660516,233.19862847432944,0.4333656997207527,,,,,294.37110086175505,115.78717077315196,369.52585265202094,94.81375166889177,,
labeled-data/Movie.S3_cropped/img266c3.png,,,,,280.9818545940042,73.21185823522262,,,,,,,,,368.37110086175505,13.787170773151956,,,,
labeled-data/Movie.S3_cropped/img266c4.png,383.7384998179391,32.52196868552005,,,388.9818545940042,277.2118582352226,390.72963951935924,182.8314722660516,,,,,,,,,,,,
labeled-data/Movie.S3_cropped/img266c5.png,,,,,,,,,,,281.08757130719755,67.67672047578571,256.61858235222735,202.25615972812227,57.37110086175505,177.78717077315196,132.52585265202094,156.81375166889177,221.66288384512677,132.34476271392145
labeled-data/Movie.S3_cropped/img266c6.png,,,,,307.9818545940042,31.21185823522262,,,,,,,,,,,,,,
labeled-data/Movie.S3_cropped/img266c7.png,,,,,16.981854594004176,53.21185823522262,,,,,,,303.61858235222735,18.25615972812227,,,,,,
labeled-data/Movie.S3_cropped/img266c8.png,255.7384998179391,72.52196868552005,318.6587571307199,67.27861390945486,260.9818545940042,317.2118582352226,262.72963951935924,222.8314722660516,287.19862847432944,142.43336569972075,,,,,348.37110086175505,257.78717077315196,,,,
labeled-data/Movie.S3_cropped/img266c9.png,,,,,,,,,,,,,,,,,,,,
labeled-data/Movie.S3_cropped/img273c0.png,,,,,357.51286563903386,206.76058987741226,357.51286563903386,133.35362301250143,376.7384998179391,59.9466561475906,,,,,,,,,,
labeled-data/Movie.S3_cropped/img273c1.png,,,,,,,,,6.7384998179391005,15.946656147590602,,,345.8087753368127,99.84033256463147,92.37996116033503,99.84033256463147,162.29135817453596,78.86691346037128,275.897378322612,59.64127928146604
labeled-data/Movie.S3_cropped/img273c2.png,,,,,313.51286563903386,120.76058987741226,313.51286563903386,47.35362301250143,,,,,,,,,,,,
labeled-data/Movie.S3_cropped/img273c3.png,,,,,,,,,,,,,283.8087753368127,52.84033256463147,30.37996116033503,52.84033256463147,100.29135817453596,31.86691346037128,213.89737832261198,12.64127928146604
labeled-data/Movie.S3_cropped/img273c4.png,,,,,376.51286563903386,43.76058987741226,,,,,,,,,,,,,,
labeled-data/Movie.S3_cropped/img273c5.png,,,,,,,,,,,,,,,,,,,,
labeled-data/Movie.S3_cropped/img273c6.png,51.5305862361937,63.80962495448455,121.44198325039463,58.566270178419586,65.51286563903386,299.76058987741226,65.51286563903386,226.35362301250143,84.7384998179391,152.9466561475906,,,,,170.37996116033503,236.84033256463147,240.29135817453596,215.86691346037128,353.897378322612,196.64127928146604
labeled-data/Movie.S3_cropped/img273c7.png,,,,,318.51286563903386,51.76058987741226,,,,,,,,,,,,,,
labeled-data/Movie.S3_cropped/img273c8.png,,,,,,,,,,,,,,,,,,,,
labeled-data/Movie.S3_cropped/img273c9.png,,,,,204.51286563903386,25.760589877412258,,,,,,,,,,,,,,
labeled-data/Movie.S3_cropped/img274c0.png,136.27837116154876,27.314055103774535,193.95527369826448,23.818485253064523,150.26065056438892,261.5172351013472,148.51286563903386,184.61469838572634,171.2340696686491,105.96437674475044,,,,,255.1277460856901,205.58811748998653,325.0391430998908,168.88463405753112,,
labeled-data/Movie.S3_cropped/img274c1.png,,,,,83.26065056438892,193.51723510134718,81.51286563903386,116.61469838572634,104.23406966864911,37.96437674475044,,,,,188.1277460856901,137.58811748998653,258.0391430998908,100.88463405753112,362.90623862119196,86.90235465469095
labeled-data/Movie.S3_cropped/img274c2.png,,,,,15.260650564388925,166.51723510134718,13.512865639033862,89.61469838572634,36.23406966864911,10.964376744750439,,,354.3309260832625,96.60583808714637,120.12774608569009,110.58811748998653,190.0391430998908,73.88463405753112,294.90623862119196,59.90235465469095
labeled-data/Movie.S3_cropped/img274c3.png,,,,,48.260650564388925,50.51723510134718,,,,,,,,,,,,,,
labeled-data/Movie.S3_cropped/img274c4.png,,,,,299.2606505643889,207.51723510134718,297.51286563903386,130.61469838572634,320.2340696686491,51.96437674475044,,,,,,,,,,
labeled-data/Movie.S3_cropped/img274c5.png,,,,,,,,,,,,,,,,,,,,
labeled-data/Movie.S3_cropped/img274c6.png,,,,,,,,,,,,,,,,,,,,
labeled-data/Movie.S3_cropped/img274c7.png,,,,,,,,,,,,,,,,,,,,
labeled-data/Movie.S3_cropped/img274c8.png,,,,,292.2606505643889,149.51723510134718,290.51286563903386,72.61469838572634,,,,,,,397.1277460856901,93.58811748998653,,,,
labeled-data/Movie.S3_cropped/img274c9.png,,,,,,,,,,,,,,,,,,,,
labeled-data/Movie.S3_cropped/img277c0.png,,,,,88.02615608690382,23.021665250637056,,,,,,,,,,,,,,
labeled-data/Movie.S3_cropped/img277c1.png,,,,,226.02615608690382,200.02166525063706,234.7650807136789,121.37134360966127,257.48628474329416,26.99095764049025,,,,,337.88439130962513,144.09254763927652,,,,
labeled-data/Movie.S3_cropped/img277c2.png,,,,,360.0261560869038,140.02166525063706,368.7650807136789,61.37134360966127,,,,,,,,,,,,
labeled-data/Movie.S3_cropped/img277c3.png,133.77394101225877,58.32291540235451,189.70305862361954,60.07070032770946,132.02615608690382,296.02166525063706,140.7650807136789,217.37134360966127,163.48628474329416,122.99095764049025,,,,,243.88439130962513,240.09254763927652,327.7780677266659,222.61469838572634,,
labeled-data/Movie.S3_cropped/img277c4.png,,,,,347.0261560869038,207.02166525063706,355.7650807136789,128.37134360966127,378.48628474329416,33.99095764049025,,,,,,,,,,
labeled-data/Movie.S3_cropped/img277c5.png,,,,,275.0261560869038,167.02166525063706,283.7650807136789,88.37134360966127,,,,,,,386.88439130962513,111.09254763927652,,,,
labeled-data/Movie.S3_cropped/img277c6.png,,,,,,,,,,,252.09643160577752,134.2077315208155,297.538839665008,216.35362301250143,24.88439130962513,225.09254763927652,108.77806772666588,207.61469838572634,194.4195290690618,190.13684913217605
labeled-data/Movie.S3_cropped/img277c7.png,,,,,,,,,,,269.0964316057775,126.20773152081551,314.538839665008,208.35362301250143,41.88439130962513,217.09254763927652,125.77806772666588,199.61469838572634,211.4195290690618,182.13684913217605
labeled-data/Movie.S3_cropped/img277c8.png,,,,,,,,,,,,,,,,,,,,
labeled-data/Movie.S3_cropped/img277c9.png,,,51.70305862361954,59.07070032770946,,,2.7650807136789126,216.37134360966127,25.486284743294163,121.99095764049025,333.0964316057775,148.2077315208155,378.538839665008,230.35362301250143,105.88439130962513,239.09254763927652,189.77806772666588,221.61469838572634,275.4195290690618,204.13684913217605
labeled-data/Movie.S3_cropped/img283c0.png,,,,,167.008435489744,34.291600922441944,,,,,,,,,268.37996116033503,16.81375166889177,,,,
labeled-data/Movie.S3_cropped/img283c1.png,66.51286563903386,2.5751304769994476,131.18090787716972,13.061840029129598,70.00843548974399,226.29160092244194,83.99071489258415,166.86691346037128,97.9729942954242,93.45994659546045,391.6008617550674,105.69444107294555,,,171.37996116033503,208.81375166889177,250.03028280131105,182.5969777885665,328.68060444228684,156.38020390824113
labeled-data/Movie.S3_cropped/img283c2.png,,,105.18090787716972,4.061840029129598,44.00843548974399,217.29160092244194,57.99071489258415,157.86691346037128,71.9729942954242,84.45994659546045,365.6008617550674,96.69444107294555,,,145.37996116033503,199.81375166889177,224.03028280131105,173.5969777885665,302.68060444228684,147.38020390824113
labeled-data/Movie.S3_cropped/img283c3.png,197.51286563903386,42.57513047699945,262.1809078771697,53.0618400291296,201.008435489744,266.29160092244194,214.99071489258415,206.86691346037128,228.9729942954242,133.45994659546045,,,,,302.37996116033503,248.81375166889177,381.03028280131105,222.5969777885665,,
labeled-data/Movie.S3_cropped/img283c4.png,,,,,349.008435489744,133.29160092244194,362.99071489258415,73.86691346037128,376.9729942954242,0.45994659546045114,,,,,,,,,,
labeled-data/Movie.S3_cropped/img283c5.png,,,,,318.008435489744,49.291600922441944,,,,,,,,,,,,,,
labeled-data/Movie.S3_cropped/img283c6.png,,,,,337.008435489744,21.291600922441944,,,,,,,,,,,,,,
labeled-data/Movie.S3_cropped/img283c7.png,,,179.18090787716972,8.061840029129598,118.00843548974399,221.29160092244194,131.99071489258415,161.86691346037128,145.9729942954242,88.45994659546045,,,,,219.37996116033503,203.81375166889177,298.03028280131105,177.5969777885665,376.68060444228684,151.38020390824113
labeled-data/Movie.S3_cropped/img283c8.png,,,,,35.00843548974399,142.29160092244194,48.99071489258415,82.86691346037128,62.9729942954242,9.459946595460451,356.6008617550674,21.69444107294555,,,136.37996116033503,124.81375166889177,215.03028280131105,98.5969777885665,293.68060444228684,72.38020390824113
labeled-data/Movie.S3_cropped/img283c9.png,,,,,,,,,,,,,,,,,,,,
labeled-data/Movie.S3_cropped/img286c0.png,,,,,,,,,,,298.8353562325526,31.69444107294555,340.782194441073,94.61469838572634,73.37110086175505,110.34476271392145,157.26477727879603,105.10140793785638,200.95940041267147,78.88463405753112
labeled-data/Movie.S3_cropped/img286c1.png,,,,,359.01729578832385,24.79603107173193,,,,,,,,,,,,,,
labeled-data/Movie.S3_cropped/img286c2.png,,,,,57.01729578832385,105.79603107173193,70.99957519116401,32.389064206821104,,,,,,,172.37110086175505,67.34476271392145,256.26477727879603,62.10140793785638,299.95940041267147,35.884634057531116
labeled-data/Movie.S3_cropped/img286c3.png,,,,,70.01729578832385,97.79603107173193,83.99957519116401,24.389064206821104,,,,,,,185.37110086175505,59.344762713921455,269.26477727879603,54.10140793785638,312.95940041267147,27.884634057531116
labeled-data/Movie.S3_cropped/img286c4.png,,,,,,,,,,,,,280.782194441073,59.61469838572634,13.371100861755053,75.34476271392145,97.26477727879603,70.10140793785638,140.95940041267147,43.884634057531116
labeled-data/Movie.S3_cropped/img286c5.png,,,,,,,,,,,,,,,,,,,,
labeled-data/Movie.S3_cropped/img286c6.png,,,,,,,,,,,,,356.782194441073,25.614698385726342,89.37110086175505,41.344762713921455,173.26477727879603,36.10140793785638,216.95940041267147,9.884634057531116
labeled-data/Movie.S3_cropped/img286c7.png,,,,,,,,,,,,,,,,,,,,
labeled-data/Movie.S3_cropped/img286c8.png,,,,,,,,,,,,,,,,,,,,
labeled-data/Movie.S3_cropped/img286c9.png,,,,,,,,,,,,,,,,,,,,
labeled-data/Movie.S3_cropped/img296c0.png,,,,,331.01729578832385,87.29160092244194,336.2606505643889,10.389064206821104,,,,,,,,,,,,
labeled-data/Movie.S3_cropped/img296c1.png,,,,,3.0172957883238496,90.29160092244194,8.260650564388925,13.389064206821104,,,,,336.8442165311326,116.50837480276721,97.39768175749498,74.56153659424672,177.79578832382583,60.579257191406555,252.95054011409172,34.36248331108129
labeled-data/Movie.S3_cropped/img296c2.png,,,,,,,,,,,326.06099041145785,80.66786017720585,299.8442165311326,206.5083748027672,60.39768175749498,164.56153659424672,140.79578832382583,150.57925719140655,215.95054011409172,124.36248331108129
labeled-data/Movie.S3_cropped/img296c3.png,31.01729578832385,3.0795606262894353,,,31.01729578832385,230.29160092244194,36.260650564388925,153.3890642068211,64.22520937006914,57.260893312295025,391.06099041145785,130.66786017720585,364.8442165311326,256.5083748027672,125.39768175749498,214.56153659424672,205.79578832382583,200.57925719140655,280.9505401140917,174.3624833110813
labeled-data/Movie.S3_cropped/img296c4.png,,,,,32.01729578832385,182.29160092244194,37.260650564388925,105.3890642068211,65.22520937006914,9.260893312295025,392.06099041145785,82.66786017720585,365.8442165311326,208.5083748027672,126.39768175749498,166.56153659424672,206.79578832382583,152.57925719140655,281.9505401140917,126.36248331108129
labeled-data/Movie.S3_cropped/img296c5.png,,,,,180.01729578832385,129.29160092244194,185.26065056438892,52.389064206821104,,,,,,,274.397681757495,113.56153659424672,354.79578832382583,99.57925719140655,,
labeled-data/Movie.S3_cropped/img296c6.png,,,,,,,,,,,,,268.8442165311326,25.508374802767207,,,,,,
labeled-data/Movie.S3_cropped/img296c7.png,,,,,,,,,,,315.06099041145785,28.667860177205853,288.8442165311326,154.5083748027672,49.39768175749498,112.56153659424672,129.79578832382583,98.57925719140655,204.95054011409172,72.36248331108129
labeled-data/Movie.S3_cropped/img296c8.png,,,,,146.01729578832385,120.29160092244194,151.26065056438892,43.389064206821104,,,,,,,240.39768175749498,104.56153659424672,320.79578832382583,90.57925719140655,395.9505401140917,64.36248331108129
labeled-data/Movie.S3_cropped/img296c9.png,,,,,,,,,,,,,,,,,,,,
labeled-data/Movie.S3_cropped/img300c0.png,,,,,385.5394465347737,179.51723510134718,390.78280131083875,85.13684913217605,,,,,,,,,,,,
labeled-data/Movie.S3_cropped/img300c1.png,,,,,148.53944653477367,98.51723510134718,153.78280131083875,4.136849132176053,,,,,,,260.397681757495,47.831472266051605,344.29135817453596,23.36248331108129,,
labeled-data/Movie.S3_cropped/img300c2.png,,,,,108.53944653477367,104.51723510134718,113.78280131083875,10.136849132176053,,,,,,,220.39768175749498,53.831472266051605,304.29135817453596,29.36248331108129,391.68060444228684,31.110268236436355
labeled-data/Movie.S3_cropped/img300c3.png,,,44.44198325039463,42.0884209248693,,,,,2.495145041874025,125.98209734191028,348.55656026216775,171.42450540114078,341.5654205607477,295.5172351013472,79.39768175749498,244.8314722660516,163.29135817453596,220.3624833110813,250.68060444228684,222.11026823643635
labeled-data/Movie.S3_cropped/img300c4.png,,,,,233.53944653477367,195.51723510134718,238.78280131083875,101.13684913217605,268.495145041874,25.982097341910276,,,,,345.397681757495,144.8314722660516,,,,
labeled-data/Movie.S3_cropped/img300c5.png,20.278371161548762,15.340635999514348,88.44198325039463,17.088420924869297,11.539446534773674,270.5172351013472,16.78280131083875,176.13684913217605,46.495145041874025,100.98209734191028,392.55656026216775,146.42450540114078,385.5654205607477,270.5172351013472,123.39768175749498,219.8314722660516,207.29135817453596,195.3624833110813,294.68060444228684,197.11026823643635
labeled-data/Movie.S3_cropped/img300c6.png,,,,,162.53944653477367,17.517235101347183,,,,,,,,,,,,,,
labeled-data/Movie.S3_cropped/img300c7.png,,,,,,,,,,,,,272.5654205607477,14.517235101347183,,,,,,
labeled-data/Movie.S3_cropped/img300c8.png,,,,,,,,,,,,,,,,,,,,
labeled-data/Movie.S3_cropped/img300c9.png,,,,,,,,,,,270.55656026216775,58.42450540114078,263.5654205607477,182.51723510134718,1.3976817574949791,131.8314722660516,85.29135817453596,107.36248331108129,172.68060444228684,109.11026823643635
