scorer,DLC_resnet50_maDrosophilaoct1shuffle1_20000,DLC_resnet50_maDrosophilaoct1shuffle1_20000,DLC_resnet50_maDrosophilaoct1shuffle1_20000,DLC_resnet50_maDrosophilaoct1shuffle1_20000,DLC_resnet50_maDrosophilaoct1shuffle1_20000,DLC_resnet50_maDrosophilaoct1shuffle1_20000,DLC_resnet50_maDrosophilaoct1shuffle1_20000,DLC_resnet50_maDrosophilaoct1shuffle1_20000,DLC_resnet50_maDrosophilaoct1shuffle1_20000,DLC_resnet50_maDrosophilaoct1shuffle1_20000,DLC_resnet50_maDrosophilaoct1shuffle1_20000,DLC_resnet50_maDrosophilaoct1shuffle1_20000,DLC_resnet50_maDrosophilaoct1shuffle1_20000,DLC_resnet50_maDrosophilaoct1shuffle1_20000,DLC_resnet50_maDrosophilaoct1shuffle1_20000,DLC_resnet50_maDrosophilaoct1shuffle1_20000,DLC_resnet50_maDrosophilaoct1shuffle1_20000,DLC_resnet50_maDrosophilaoct1shuffle1_20000,DLC_resnet50_maDrosophilaoct1shuffle1_20000,DLC_resnet50_maDrosophilaoct1shuffle1_20000,DLC_resnet50_maDrosophilaoct1shuffle1_20000,DLC_resnet50_maDrosophilaoct1shuffle1_20000,DLC_resnet50_maDrosophilaoct1shuffle1_20000,DLC_resnet50_maDrosophilaoct1shuffle1_20000,DLC_resnet50_maDrosophilaoct1shuffle1_20000,DLC_resnet50_maDrosophilaoct1shuffle1_20000,DLC_resnet50_maDrosophilaoct1shuffle1_20000,DLC_resnet50_maDrosophilaoct1shuffle1_20000,DLC_resnet50_maDrosophilaoct1shuffle1_20000,DLC_resnet50_maDrosophilaoct1shuffle1_20000
individuals,dros1,dros1,dros1,dros1,dros1,dros1,dros1,dros1,dros1,dros1,dros1,dros1,dros1,dros1,dros1,dros2,dros2,dros2,dros2,dros2,dros2,dros2,dros2,dros2,dros2,dros2,dros2,dros2,dros2,dros2
bodyparts,leftwing,leftwing,leftwing,rightwing,rightwing,rightwing,head,head,head,torax,torax,torax,abdomen,abdomen,abdomen,leftwing,leftwing,leftwing,rightwing,rightwing,rightwing,head,head,head,torax,torax,torax,abdomen,abdomen,abdomen
coords,x,y,likelihood,x,y,likelihood,x,y,likelihood,x,y,likelihood,x,y,likelihood,x,y,likelihood,x,y,likelihood,x,y,likelihood,x,y,likelihood,x,y,likelihood
0,,,,,,,,,,,,,,,,,,,,,,,,,,,,,,
1,,,,,,,,,,,,,,,,,,,,,,,,,,,,,,
2,,,,,,,,,,,,,,,,,,,,,,,,,,,,,,
3,,,,,,,,,,,,,,,,,,,,,,,,,,,,,,
4,,,,,,,,,,,,,,,,,,,,,,,,,,,,,,
5,,,,,,,,,,,,,,,,,,,,,,,,,,,,,,
6,,,,,,,,,,,,,,,,,,,,,,,,,,,,,,
7,,,,,,,,,,,,,,,,,,,,,,,,,,,,,,
8,,,,,,,,,,,,,,,,,,,,,,,,,,,,,,
9,,,,,,,,,,,,,,,,,,,,,,,,,,,,,,
10,,,,,,,,,,,,,,,,,,,,,,,,,,,,,,
11,,,,,,,,,,,,,,,,,,,,,,,,,,,,,,
12,,,,,,,,,,,,,,,,,,,,,,,,,,,,,,
13,,,,,,,,,,,,,,,,,,,,,,,,,,,,,,
14,,,,,,,,,,,,,,,,,,,,,,,,,,,,,,
15,,,,,,,,,,,,,,,,,,,,,,,,,,,,,,
16,,,,,,,,,,,,,,,,,,,,,,,,,,,,,,
17,,,,,,,,,,,,,,,,,,,,,,,,,,,,,,
18,,,,,,,,,,,,,,,,,,,,,,,,,,,,,,
19,,,,,,,,,,,,,,,,,,,,,,,,,,,,,,
20,,,,,,,,,,,,,,,,,,,,,,,,,,,,,,
21,,,,,,,,,,,,,,,,,,,,,,,,,,,,,,
22,,,,,,,,,,,,,,,,,,,,,,,,,,,,,,
23,,,,,,,,,,,,,,,,,,,,,,,,,,,,,,
24,,,,,,,,,,,,,,,,,,,,,,,,,,,,,,
25,,,,,,,,,,,,,,,,,,,,,,,,,,,,,,
26,,,,,,,,,,,,,,,,,,,,,,,,,,,,,,
27,,,,,,,,,,,,,,,,,,,,,,,,,,,,,,
28,,,,,,,,,,,,,,,,,,,,,,,,,,,,,,
29,,,,,,,,,,,,,,,,,,,,,,,,,,,,,,
30,,,,,,,,,,,,,,,,,,,,,,,,,,,,,,
31,,,,,,,,,,,,,,,,,,,,,,,,,,,,,,
32,811.0,66.25,0.9995,860.0,70.3125,0.9995,805.0,299.75,1.0,811.0,227.375,1.0,815.0,153.25,1.0,,,,,,,,,,,,,,,
33,807.5,66.25,0.993,859.0,70.3125,1.0,802.0,299.0,1.0,811.0,218.25,1.0,815.0,153.25,1.0,,,,,,,,,,,,,,,
34,807.5,65.5,1.0,859.0,70.3125,1.0,799.5,299.0,1.0,811.0,218.25,1.0,814.5,153.25,1.0,,,,,,,,,,,,,,,
35,807.5,65.5,1.0,859.0,67.125,1.0,799.5,299.0,1.0,810.0,222.0,1.0,814.5,154.875,1.0,,,,,,,,,,,,,,,
36,807.5,65.5,1.0,860.0,68.125,1.0,800.0,299.0,1.0,810.0,222.0,1.0,814.5,154.875,1.0,,,,,,,,,,,,,,,
37,808.5,65.125,0.9985,860.0,68.4375,1.0,799.5,299.0,1.0,810.0,222.0,1.0,814.5,154.875,1.0,,,,,,,,,,,,,,,
38,808.5,62.53125,1.0,860.0,68.4375,1.0,798.0,299.25,1.0,810.0,222.0,1.0,814.5,153.5,1.0,,,,,,,,,,,,,,,
39,808.0,62.53125,0.9995,860.0,68.4375,1.0,799.5,299.0,1.0,810.5,222.0,1.0,814.5,153.5,1.0,,,,,,,,,,,,,,,
40,808.0,65.125,1.0,860.0,69.0,1.0,799.5,299.25,1.0,811.0,228.875,1.0,813.0,153.5,1.0,,,,,,,,,,,,,,,
41,808.0,65.5625,1.0,859.0,70.125,1.0,798.0,299.25,1.0,812.0,228.875,1.0,811.5,156.375,1.0,,,,,,,,,,,,,,,
42,807.5,66.125,0.9995,858.5,71.6875,1.0,799.5,299.25,1.0,811.0,229.375,1.0,811.5,156.375,1.0,,,,,,,,,,,,,,,
43,807.5,68.5,1.0,858.5,73.1875,1.0,799.5,300.25,1.0,811.0,229.875,1.0,811.5,156.375,1.0,,,,,,,,,,,,,,,
44,807.0,68.875,1.0,858.5,73.1875,1.0,800.0,300.75,1.0,809.0,230.125,1.0,811.0,157.25,1.0,,,,,,,,,,,,,,,
45,806.5,68.5,1.0,857.5,73.1875,1.0,799.5,300.25,1.0,809.0,233.125,1.0,809.5,157.25,1.0,,,,,,,,,,,,,,,
46,806.5,68.5,1.0,857.5,75.125,1.0,800.5,300.25,1.0,809.0,233.125,1.0,809.5,157.25,1.0,,,,,,,,,,,,,,,
47,806.0,68.1875,1.0,857.5,75.125,1.0,799.5,300.25,1.0,808.5,232.375,1.0,809.0,157.25,1.0,,,,,,,,,,,,,,,
48,805.5,68.0,1.0,857.5,73.0625,1.0,798.5,300.25,1.0,808.5,232.375,1.0,809.0,157.25,1.0,,,,,,,,,,,,,,,
49,805.5,68.0,0.9995,857.5,73.0625,0.9995,798.5,300.25,1.0,810.5,232.375,1.0,809.0,157.375,1.0,,,,,,,,,,,,,,,
50,805.0,65.375,1.0,857.5,73.0625,1.0,798.5,301.75,1.0,808.5,227.875,1.0,809.0,154.375,1.0,,,,,,,,,,,,,,,
51,806.0,65.375,1.0,857.5,72.0,1.0,798.5,301.75,1.0,810.5,226.625,1.0,809.0,154.375,1.0,,,,,,,,,,,,,,,
52,805.0,65.375,0.9995,857.5,71.25,1.0,798.5,302.0,1.0,810.5,222.0,1.0,811.0,153.375,1.0,,,,,,,,,,,,,,,
53,806.5,65.75,0.9995,857.5,68.1875,1.0,798.5,304.25,1.0,810.5,221.0,1.0,811.0,153.625,1.0,,,,,,,,,,,,,,,
54,806.5,65.75,0.9995,857.5,68.1875,1.0,798.0,304.25,1.0,811.5,221.0,1.0,811.0,153.625,1.0,,,,,,,,,,,,,,,
55,806.5,66.75,1.0,860.0,71.25,1.0,798.5,302.0,1.0,811.5,220.75,1.0,811.5,153.625,1.0,,,,,,,,,,,,,,,
56,806.5,66.75,0.9995,860.0,73.3125,1.0,798.5,302.0,1.0,810.5,221.0,1.0,812.5,153.625,1.0,,,,,,,,,,,,,,,
57,806.5,66.75,0.9995,858.5,73.3125,1.0,799.5,302.0,1.0,810.5,223.5,1.0,810.0,153.875,1.0,,,,,,,,,,,,,,,
58,805.0,66.75,1.0,858.5,73.3125,1.0,799.5,300.0,1.0,810.5,226.125,1.0,812.5,154.25,1.0,,,,,,,,,,,,,,,
59,805.0,66.75,0.9995,858.5,72.3125,1.0,800.0,298.75,1.0,810.5,229.375,1.0,813.0,154.25,1.0,,,,,,,,,,,,,,,
60,805.0,66.6875,1.0,858.0,72.3125,1.0,800.0,298.75,1.0,811.5,229.375,1.0,813.0,154.25,1.0,,,,,,,,,,,,,,,
61,805.0,65.1875,0.9995,858.0,69.25,0.9995,800.0,298.75,1.0,812.5,229.375,1.0,814.0,155.375,1.0,,,,,,,,,,,,,,,
62,805.0,65.125,1.0,858.5,69.25,1.0,800.0,298.75,1.0,812.5,229.375,1.0,814.0,155.875,1.0,,,,,,,,,,,,,,,
63,804.5,65.125,1.0,858.5,72.0625,1.0,800.0,299.5,1.0,812.0,230.625,1.0,814.0,155.875,1.0,,,,,,,,,,,,,,,
64,804.5,64.125,1.0,858.0,73.3125,1.0,800.0,299.5,1.0,812.0,227.25,1.0,810.5,158.25,1.0,,,,,,,,,,,,,,,
65,804.0,65.125,0.9995,858.5,73.3125,1.0,800.5,299.25,1.0,812.0,228.375,1.0,809.5,160.25,1.0,,,,,,,,,,,,,,,
66,804.5,66.4375,0.9995,856.5,74.0625,1.0,799.5,299.25,1.0,812.0,228.375,1.0,809.0,160.25,1.0,,,,,,,,,,,,,,,
67,802.0,68.625,1.0,856.5,74.125,1.0,799.5,299.0,1.0,811.5,232.0,1.0,807.5,161.5,1.0,,,,,,,,,,,,,,,
68,802.0,68.9375,1.0,857.5,74.125,1.0,799.5,298.75,1.0,811.5,232.0,1.0,807.5,164.125,1.0,,,,,,,,,,,,,,,
69,802.5,68.9375,0.9907,858.5,75.8125,1.0,799.5,298.75,1.0,809.0,234.625,1.0,809.5,161.5,1.0,,,,,,,,,,,,,,,
70,802.5,75.5625,1.0,857.5,76.3125,1.0,799.5,298.75,1.0,808.0,235.625,1.0,809.5,169.125,1.0,,,,,,,,,,,,,,,
71,802.5,75.5625,0.999,857.5,77.3125,1.0,799.0,298.75,1.0,805.5,236.375,1.0,809.5,169.125,1.0,,,,,,,,,,,,,,,
72,803.5,73.125,1.0,857.5,77.5,1.0,799.5,298.75,1.0,805.5,236.375,1.0,809.5,169.0,1.0,,,,,,,,,,,,,,,
73,803.5,73.125,1.0,857.5,77.75,1.0,800.0,298.5,1.0,805.5,235.625,1.0,809.5,164.125,1.0,,,,,,,,,,,,,,,
74,803.0,73.5,0.9995,856.5,77.5,1.0,800.5,298.5,1.0,806.5,237.375,1.0,809.5,168.25,1.0,,,,,,,,,,,,,,,
75,803.5,73.125,0.9995,857.5,77.75,1.0,800.0,298.5,1.0,806.5,237.25,1.0,809.0,164.125,1.0,,,,,,,,,,,,,,,
76,803.0,72.25,1.0,857.0,77.75,1.0,801.0,298.25,1.0,807.0,234.625,1.0,809.0,163.375,1.0,,,,,,,,,,,,,,,
77,802.0,73.5,0.9995,858.5,77.75,1.0,801.0,299.0,1.0,807.5,234.625,1.0,809.5,163.375,1.0,,,,,,,,,,,,,,,
78,801.5,73.5,0.9995,857.0,78.75,1.0,801.0,299.25,1.0,807.5,235.875,1.0,809.0,163.375,1.0,,,,,,,,,,,,,,,
79,801.5,73.25,1.0,857.0,79.125,1.0,804.0,300.0,1.0,807.5,235.875,1.0,806.5,163.375,1.0,,,,,,,,,,,,,,,
80,801.5,74.75,1.0,856.0,79.125,1.0,807.0,301.0,1.0,808.0,235.0,1.0,808.0,162.375,1.0,,,,,,,,,,,,,,,
81,801.5,74.75,0.9995,856.0,79.3125,1.0,808.5,301.25,1.0,810.0,235.0,1.0,808.0,162.375,1.0,,,,,,,,,,,,,,,
82,801.0,73.25,0.9995,856.0,79.3125,1.0,808.5,301.25,1.0,808.5,235.875,1.0,808.0,167.625,1.0,,,,,,,,,,,,,,,
83,801.5,73.25,0.9995,856.0,77.25,1.0,808.5,301.5,1.0,808.5,235.0,1.0,809.5,160.625,1.0,,,,,,,,,,,,,,,
84,802.0,71.6875,1.0,857.0,75.1875,1.0,804.0,301.25,1.0,810.5,234.875,1.0,810.0,158.625,1.0,,,,,,,,,,,,,,,
85,802.0,71.6875,1.0,857.0,75.1875,1.0,803.5,301.0,1.0,810.5,233.5,1.0,810.0,158.25,1.0,,,,,,,,,,,,,,,
86,802.0,71.5,0.9995,855.5,72.6875,1.0,801.5,300.25,1.0,810.5,233.125,1.0,810.5,158.25,1.0,,,,,,,,,,,,,,,
87,802.0,73.3125,1.0,855.0,74.25,1.0,801.5,300.25,1.0,811.0,232.375,1.0,811.0,158.25,1.0,,,,,,,,,,,,,,,
88,801.0,73.75,1.0,854.0,74.25,1.0,800.5,300.25,1.0,812.0,231.25,1.0,811.0,158.25,1.0,,,,,,,,,,,,,,,
89,801.0,74.1875,1.0,854.0,74.375,1.0,800.0,300.25,1.0,812.0,232.375,1.0,811.0,158.625,1.0,,,,,,,,,,,,,,,
90,801.0,73.75,1.0,854.0,74.375,1.0,801.5,300.25,1.0,812.0,232.375,1.0,810.0,160.5,1.0,,,,,,,,,,,,,,,
91,801.0,73.75,1.0,854.0,75.9375,1.0,800.0,300.0,1.0,812.0,231.125,1.0,809.0,161.875,1.0,,,,,,,,,,,,,,,
92,802.0,73.75,1.0,854.5,76.0,1.0,800.0,299.5,1.0,811.0,233.25,1.0,809.0,161.875,1.0,,,,,,,,,,,,,,,
93,802.0,73.6875,1.0,855.0,76.875,1.0,801.5,299.5,1.0,809.0,233.25,1.0,808.5,165.875,1.0,,,,,,,,,,,,,,,
94,802.5,73.6875,1.0,855.0,76.0,1.0,802.5,299.5,1.0,809.0,232.125,1.0,808.5,165.875,1.0,,,,,,,,,,,,,,,
95,802.0,73.6875,1.0,855.5,76.875,1.0,802.5,299.5,1.0,810.0,232.0,1.0,808.0,162.5,1.0,,,,,,,,,,,,,,,
96,802.0,73.6875,0.9995,856.0,76.0,1.0,802.5,299.5,1.0,810.0,232.125,1.0,808.5,162.5,1.0,,,,,,,,,,,,,,,
97,802.0,73.6875,1.0,856.0,77.0625,1.0,804.0,299.5,1.0,810.0,232.125,1.0,808.5,169.375,1.0,,,,,,,,,,,,,,,
98,802.0,75.0,1.0,856.0,77.0625,1.0,804.0,299.0,1.0,810.0,233.875,1.0,811.0,169.375,1.0,,,,,,,,,,,,,,,
99,802.0,75.5625,1.0,856.0,78.125,1.0,802.0,299.0,1.0,810.0,234.75,1.0,811.0,169.375,1.0,,,,,,,,,,,,,,,
100,800.5,75.875,1.0,853.5,78.0,1.0,802.0,299.0,1.0,808.5,234.875,1.0,811.0,169.375,1.0,,,,,,,,,,,,,,,
101,800.5,76.4375,1.0,853.5,78.125,1.0,802.0,299.0,1.0,806.5,236.5,1.0,810.0,169.375,1.0,,,,,,,,,,,,,,,
102,801.0,75.875,0.9995,855.5,78.125,1.0,801.0,299.0,1.0,806.5,236.5,1.0,810.0,167.0,1.0,,,,,,,,,,,,,,,
103,800.5,75.875,0.999,855.5,78.0,1.0,800.5,299.0,1.0,806.5,236.5,1.0,809.0,166.375,1.0,,,,,,,,,,,,,,,
104,800.5,75.875,0.9995,855.5,78.0,1.0,800.5,299.75,1.0,808.0,237.0,1.0,809.0,165.25,1.0,,,,,,,,,,,,,,,
105,801.0,75.875,1.0,856.0,77.6875,1.0,800.5,300.0,1.0,808.5,234.625,1.0,809.0,165.25,1.0,,,,,,,,,,,,,,,
106,801.0,75.6875,0.999,856.0,77.5625,1.0,801.0,299.75,1.0,808.5,234.625,1.0,809.0,165.25,1.0,,,,,,,,,,,,,,,
107,800.5,75.6875,1.0,856.0,77.1875,1.0,802.0,300.0,1.0,808.0,235.125,1.0,809.0,164.5,1.0,,,,,,,,,,,,,,,
108,800.5,75.875,1.0,856.0,77.5625,1.0,805.5,301.25,1.0,808.0,235.125,1.0,809.0,165.25,1.0,,,,,,,,,,,,,,,
109,800.5,75.875,1.0,857.0,77.5625,1.0,806.5,302.75,1.0,808.5,235.0,1.0,809.0,168.125,1.0,,,,,,,,,,,,,,,
110,800.0,77.375,1.0,856.0,78.875,1.0,807.0,302.75,1.0,808.5,235.0,1.0,809.0,168.625,1.0,,,,,,,,,,,,,,,
111,799.5,77.375,1.0,855.5,78.875,1.0,807.5,302.75,1.0,810.5,234.625,1.0,810.0,169.625,1.0,,,,,,,,,,,,,,,
112,798.5,77.375,1.0,855.5,78.875,1.0,808.0,302.0,1.0,811.0,233.125,1.0,810.0,169.625,1.0,,,,,,,,,,,,,,,
113,798.5,76.6875,1.0,855.5,73.5625,1.0,809.0,301.5,1.0,811.5,233.125,1.0,811.0,168.625,1.0,1189.0,19.015625,0.9707,1219.0,3.318359375,0.242,,,,1273.0,149.0,0.6333,1232.0,85.1875,1.0
114,798.5,76.3125,1.0,855.5,73.5625,1.0,809.0,301.5,1.0,811.5,233.0,1.0,811.0,166.625,1.0,1186.0,18.171875,0.01,1188.0,-5.49609375,0.01,,,,1273.0,149.0,0.01,1232.0,85.1875,1.0
115,798.5,76.3125,0.9995,855.5,73.5625,1.0,809.0,301.5,1.0,810.5,233.125,1.0,811.0,165.875,1.0,1186.0,15.0703125,0.01,1188.0,-5.49609375,0.01,,,,1273.0,148.5,0.01,1229.0,85.1875,1.0
116,798.5,76.1875,0.9995,855.5,73.5625,1.0,808.0,299.75,1.0,810.5,233.125,1.0,812.0,165.25,1.0,1186.0,15.0703125,0.01,1188.0,-5.49609375,0.01,,,,1275.0,148.625,0.01,1229.0,89.8125,1.0
117,799.5,76.1875,1.0,855.0,73.8125,1.0,805.0,299.75,1.0,810.5,232.125,1.0,812.0,165.875,1.0,1180.0,14.984375,0.999,1219.0,9.1796875,1.0,,,,1277.0,149.0,0.9106,1233.0,90.125,1.0
118,800.0,73.875,0.9995,855.0,73.875,1.0,805.0,299.75,1.0,809.5,232.125,1.0,812.0,165.875,1.0,1175.0,12.1796875,0.9976,1236.0,12.6953125,0.4873,,,,1278.0,149.5,0.6963,1233.0,94.4375,0.982
119,798.5,73.875,0.999,852.5,74.875,1.0,805.0,299.75,1.0,809.5,232.125,1.0,812.0,165.5,1.0,1175.0,12.1796875,0.01,1245.0,18.875,0.01,,,,1278.0,151.75,0.01,1233.0,97.375,0.01
120,800.0,73.875,1.0,854.5,76.6875,1.0,805.0,299.75,1.0,810.0,231.5,1.0,812.0,165.5,1.0,1175.0,12.1796875,0.01,1245.0,18.875,0.01,,,,1278.0,156.75,0.01,1233.0,97.375,0.01
121,800.0,73.875,0.9995,854.5,77.4375,1.0,804.5,301.0,1.0,810.0,231.5,1.0,812.0,165.5,1.0,1177.0,15.3984375,0.01,1245.0,18.875,0.01,,,,1277.0,161.625,0.01,1233.0,99.25,0.01
122,800.0,74.1875,0.9995,854.0,76.6875,1.0,804.0,301.0,1.0,810.0,231.5,1.0,812.0,165.5,1.0,1181.0,20.28125,0.999,1234.0,17.796875,0.966,,,,1277.0,164.25,0.6987,1232.0,100.3125,0.989
123,800.0,76.1875,0.9995,852.5,78.5625,1.0,804.0,301.0,1.0,810.5,231.5,1.0,811.0,165.75,1.0,1182.0,22.421875,0.9995,1223.0,14.3203125,0.9604,,,,1277.0,164.625,0.795,1228.0,102.4375,0.992
124,800.0,76.1875,1.0,852.5,76.6875,1.0,804.5,301.5,1.0,810.5,233.375,1.0,812.0,167.5,1.0,1182.0,24.34375,0.9995,1222.0,14.3203125,0.804,,,,1277.0,164.75,0.4702,1228.0,106.8125,0.9956
125,800.5,74.1875,1.0,852.5,78.1875,1.0,808.5,301.5,1.0,811.0,233.5,1.0,811.0,170.0,1.0,1182.0,25.796875,0.9995,1222.0,14.3203125,0.9785,,,,1277.0,164.75,0.7036,1228.0,108.125,0.995
126,800.5,72.9375,1.0,852.5,77.9375,1.0,808.5,300.5,1.0,810.5,233.625,1.0,811.0,170.0,1.0,1182.0,30.890625,0.9995,1222.0,19.40625,0.992,,,,1277.0,164.75,0.243,1228.0,108.6875,0.997
127,800.5,72.9375,1.0,852.0,78.1875,1.0,808.5,300.5,1.0,809.5,233.5,1.0,811.0,170.0,1.0,1185.0,33.96875,0.9995,1229.0,19.640625,0.981,,,,1277.0,172.25,0.4434,1228.0,114.125,0.9927
128,800.0,72.9375,1.0,852.0,77.9375,1.0,808.5,300.5,1.0,809.5,233.375,1.0,811.0,171.125,1.0,1189.0,37.40625,0.9995,1235.0,28.25,0.9966,,,,1277.0,180.5,0.85,1239.0,122.5,0.9526
129,800.5,76.1875,1.0,852.5,78.1875,1.0,808.0,300.5,1.0,810.0,233.5,1.0,810.5,171.875,1.0,1191.0,41.53125,1.0,1235.0,29.53125,0.9707,,,,1277.0,181.25,0.618,1243.0,124.8125,0.9966
130,800.5,76.625,1.0,852.5,80.5,1.0,807.5,300.5,1.0,809.5,233.125,1.0,810.0,171.125,1.0,1193.0,45.78125,1.0,1237.0,32.0625,0.9736,,,,1277.0,181.375,0.763,1243.0,131.25,0.981
131,800.0,76.625,1.0,852.5,80.5,1.0,806.0,299.25,1.0,809.5,232.5,1.0,810.0,171.125,1.0,1193.0,49.03125,1.0,1237.0,32.5625,0.993,,,,1271.0,181.375,0.01,1243.0,139.75,0.9927
132,800.5,76.375,1.0,852.5,77.75,1.0,804.0,299.0,1.0,810.0,232.125,1.0,810.5,168.25,1.0,1193.0,58.5,1.0,1229.0,43.15625,0.9854,,,,1263.0,181.375,1.0,1243.0,140.0,0.9727
133,800.5,76.375,1.0,852.5,79.25,1.0,804.0,299.0,1.0,810.0,232.125,1.0,812.5,167.875,1.0,1193.0,58.59375,1.0,1229.0,45.03125,0.9844,,,,,,,1242.0,142.0,0.9907
134,800.5,76.375,1.0,852.5,78.875,1.0,806.0,299.0,1.0,811.5,231.5,1.0,812.5,167.875,1.0,1193.0,60.65625,0.01,1235.0,51.96875,0.01,,,,,,,1242.0,142.875,0.01
135,802.5,76.375,1.0,852.5,77.75,1.0,806.0,299.0,1.0,811.5,231.5,1.0,812.5,168.25,1.0,1200.0,67.3125,0.01,1235.0,51.96875,0.01,,,,,,,1242.0,150.5,0.01
136,802.5,76.375,1.0,853.5,78.3125,1.0,807.0,299.0,1.0,811.5,232.125,1.0,810.5,168.25,1.0,1205.0,75.8125,0.01,1244.0,62.90625,0.01,,,,,,,1248.0,158.5,0.01
137,802.0,75.125,1.0,852.5,78.3125,1.0,808.0,299.75,1.0,810.5,232.25,1.0,810.5,168.75,1.0,1205.0,83.375,1.0,1248.0,67.4375,0.9844,,,,,,,1250.0,162.875,0.9883
138,801.0,75.125,1.0,853.5,78.3125,1.0,808.0,302.25,1.0,810.5,234.25,1.0,810.5,168.75,1.0,1205.0,87.375,1.0,1248.0,68.375,0.972,,,,,,,1251.0,165.625,0.994
139,801.0,74.875,0.9995,853.5,75.375,1.0,809.0,302.25,1.0,809.5,234.25,1.0,810.5,163.375,1.0,1201.0,90.125,1.0,1250.0,79.25,0.9624,,,,,,,1251.0,177.75,0.9976
140,799.5,74.25,0.9995,854.5,75.9375,1.0,809.0,301.5,1.0,809.5,234.375,1.0,811.5,163.125,1.0,1201.0,100.1875,1.0,1250.0,85.75,0.9946,,,,,,,1251.0,178.0,0.994
141,798.5,72.875,1.0,855.0,75.3125,1.0,809.0,302.25,1.0,809.5,234.75,1.0,811.5,163.25,1.0,1201.0,101.75,1.0,1250.0,97.4375,0.9473,,,,,,,1251.0,186.875,0.995
142,798.0,74.25,1.0,856.0,75.3125,1.0,809.0,301.5,1.0,809.0,234.875,1.0,812.5,163.125,1.0,1206.0,110.5,1.0,1252.0,98.875,0.994,,,,,,,1251.0,187.625,0.994
143,798.5,72.875,1.0,855.0,75.0625,1.0,809.0,301.0,1.0,809.0,234.875,1.0,812.5,163.125,1.0,1206.0,112.5625,1.0,1252.0,100.0,0.9956,,,,,,,1253.0,189.25,0.9863
144,798.5,72.875,1.0,857.0,69.9375,1.0,809.0,300.75,1.0,809.0,235.75,1.0,814.0,163.25,1.0,1206.0,114.625,1.0,1252.0,101.3125,0.951,,,,,,,1253.0,189.375,0.991
145,802.5,71.6875,1.0,855.0,69.9375,1.0,809.5,300.75,1.0,809.0,235.75,1.0,814.0,164.125,1.0,1206.0,120.875,1.0,1252.0,107.5,0.9927,,,,,,,1253.0,193.375,0.991
146,802.5,71.6875,1.0,854.5,69.6875,0.999,809.5,299.75,1.0,809.5,234.875,1.0,814.0,164.125,1.0,1205.0,121.0,1.0,1252.0,109.9375,0.994,,,,,,,1253.0,196.75,0.9937
147,802.5,71.6875,1.0,854.5,69.9375,1.0,809.5,299.75,1.0,809.5,235.0,1.0,814.0,164.125,1.0,1205.0,122.5,1.0,1253.0,110.25,0.9897,,,,,,,1254.0,197.75,0.991
148,799.5,74.8125,1.0,854.5,71.5,1.0,810.0,299.75,1.0,809.5,235.0,1.0,814.0,166.125,1.0,1206.0,125.25,1.0,1253.0,110.5,0.9917,,,,,,,1255.0,198.75,0.9893
149,798.0,75.375,1.0,854.0,73.5625,0.9995,810.0,299.75,1.0,809.5,235.0,1.0,814.0,168.25,1.0,1210.0,130.125,1.0,1253.0,113.3125,0.997,,,,,,,1255.0,203.125,0.9946
150,798.0,75.4375,1.0,851.5,75.625,1.0,809.5,301.25,1.0,809.5,235.0,1.0,814.0,168.25,1.0,1211.0,130.5,1.0,1254.0,114.3125,0.9985,,,,,,,1255.0,203.375,0.991
151,798.0,76.6875,1.0,851.0,75.8125,1.0,810.0,302.0,1.0,810.5,235.25,1.0,814.5,168.25,1.0,1211.0,136.5,1.0,1254.0,114.6875,0.9976,,,,,,,1255.0,205.5,0.9956
152,798.0,76.6875,1.0,850.5,76.9375,1.0,810.5,302.0,1.0,810.5,235.25,1.0,814.0,168.25,1.0,1211.0,137.0,1.0,1253.0,114.8125,0.999,,,,,,,1256.0,209.625,0.993
153,797.5,77.5,1.0,850.0,77.375,1.0,810.5,302.0,1.0,812.0,233.875,1.0,814.5,169.375,1.0,1213.0,137.0,1.0,1253.0,115.375,0.999,,,,,,,1256.0,211.5,0.9976
154,798.0,76.6875,1.0,850.0,77.375,1.0,808.0,303.0,1.0,811.5,233.875,1.0,814.5,169.375,1.0,1213.0,137.0,1.0,1253.0,116.9375,0.9927,,,,,,,1256.0,215.0,0.996
155,798.5,76.625,1.0,851.0,77.375,1.0,810.5,302.0,1.0,810.5,233.875,1.0,814.5,167.875,1.0,1213.0,137.125,1.0,1253.0,117.125,0.999,,,,,,,1256.0,217.875,0.996
156,799.5,76.625,1.0,851.5,77.375,1.0,809.0,301.75,1.0,810.5,233.875,1.0,814.0,169.375,1.0,1215.0,135.875,1.0,1256.0,117.25,0.9966,,,,,,,1256.0,217.875,0.9976
157,799.5,76.625,1.0,854.0,77.1875,1.0,809.0,302.0,1.0,809.5,232.75,1.0,814.0,164.875,1.0,1218.0,135.375,1.0,1267.0,117.25,0.9995,,,,,,,1256.0,217.875,0.998
158,800.0,76.625,1.0,855.5,77.1875,1.0,809.0,301.75,1.0,809.5,233.875,1.0,814.0,164.875,1.0,1220.0,134.625,1.0,1267.0,124.0625,0.9995,,,,,,,1256.0,217.875,0.998
159,800.0,76.75,1.0,854.0,78.4375,1.0,809.0,301.75,1.0,809.5,233.5,1.0,813.5,170.875,1.0,1226.0,132.875,0.999,1269.0,124.0625,0.959,1278.0,370.25,1.0,1276.0,284.25,0.10614,1256.0,216.875,0.9824
160,800.0,77.3125,1.0,857.0,77.5,1.0,809.0,302.25,1.0,812.0,233.5,1.0,814.0,170.875,1.0,1226.0,131.75,0.9995,1269.0,117.4375,0.9937,1275.0,365.25,0.952,1276.0,284.25,0.0791,1258.0,212.625,0.9946
161,799.5,77.25,1.0,857.0,78.0,1.0,809.0,302.25,1.0,812.0,233.5,1.0,813.5,170.25,1.0,1226.0,131.0,0.9995,1269.0,117.4375,0.854,1273.0,357.5,0.997,1276.0,279.5,0.3562,1258.0,210.0,0.995
162,799.5,77.25,1.0,855.5,78.0,1.0,809.0,300.5,1.0,812.0,235.25,1.0,813.5,170.25,1.0,,,,,,,1271.0,355.25,0.01,1276.0,279.5,0.01,1262.0,210.0,0.01
163,799.5,77.25,1.0,855.5,77.5,1.0,809.0,300.5,1.0,811.5,235.25,1.0,813.5,170.25,1.0,,,,,,,1267.0,355.25,0.01,1274.0,279.5,0.01,1267.0,210.0,0.01
164,799.0,77.5,1.0,855.5,77.5,1.0,808.0,300.5,1.0,811.5,238.0,1.0,813.5,169.875,1.0,,,,,,,1262.0,355.25,0.01,1272.0,288.75,0.01,1271.0,210.25,0.01
165,797.0,77.5,1.0,853.0,77.6875,1.0,809.0,300.5,1.0,811.5,238.0,1.0,813.0,170.25,1.0,,,,,,,1255.0,355.75,0.01,1266.0,295.0,0.01,1271.0,212.375,0.01
166,797.0,77.5,1.0,853.0,76.0625,1.0,809.0,301.0,1.0,812.0,238.0,1.0,813.0,170.75,1.0,,,,,,,1246.0,359.75,0.01,1258.0,295.0,0.01,1271.0,215.75,0.01
167,797.5,77.5,1.0,852.0,76.125,1.0,809.0,301.75,1.0,812.0,234.5,1.0,813.5,170.75,1.0,,,,,,,1234.0,361.75,0.9995,1247.0,295.0,0.9893,1267.0,220.75,0.9707
168,797.5,77.5,1.0,852.0,77.1875,1.0,809.0,302.0,1.0,812.5,233.75,1.0,813.5,169.875,1.0,,,,,,,1221.0,361.75,1.0,1238.0,295.0,0.999,1260.0,225.625,0.984
169,797.5,76.875,1.0,853.0,77.125,1.0,810.5,302.75,1.0,813.0,233.375,1.0,814.0,168.875,1.0,,,,,,,1221.0,361.75,1.0,1237.0,291.75,0.9946,1260.0,226.25,0.961
170,798.0,76.875,1.0,853.0,76.125,1.0,810.5,302.0,1.0,813.5,233.375,1.0,815.0,167.625,1.0,,,,,,,1216.0,360.5,0.9976,1236.0,291.75,0.9937,1260.0,227.375,0.982
171,798.0,76.9375,1.0,852.5,76.125,1.0,809.0,302.0,1.0,813.0,234.5,1.0,816.5,165.25,1.0,,,,,,,1205.0,358.25,0.9995,1232.0,291.75,0.9995,1260.0,227.375,0.9478
172,798.5,77.3125,1.0,852.5,77.125,1.0,810.0,301.25,1.0,813.0,235.25,1.0,817.0,161.375,1.0,,,,,,,1197.0,358.25,1.0,1222.0,292.5,1.0,1256.0,227.375,0.9897
173,800.0,76.9375,1.0,852.5,76.0625,1.0,810.0,301.25,1.0,813.5,235.875,1.0,817.0,161.375,1.0,,,,,,,1188.0,359.25,1.0,1222.0,292.5,0.999,1255.0,227.5,0.9795
174,800.0,77.3125,1.0,852.5,76.0625,1.0,810.0,301.25,1.0,812.0,236.25,1.0,817.0,164.5,1.0,,,,,,,1182.0,359.25,1.0,1215.0,292.5,1.0,1253.0,230.0,0.993
175,799.5,77.4375,1.0,852.5,77.3125,1.0,810.0,301.5,1.0,812.0,236.25,1.0,817.0,164.5,1.0,,,,,,,1169.0,359.25,1.0,1213.0,290.0,1.0,1253.0,240.875,0.9966
176,800.0,77.3125,1.0,852.5,77.3125,1.0,810.0,302.0,1.0,813.0,236.25,1.0,816.5,164.5,1.0,,,,,,,1165.0,359.25,1.0,1206.0,294.75,1.0,1252.0,241.0,0.9995
177,799.5,77.4375,1.0,853.5,75.0625,1.0,811.0,302.0,1.0,813.0,236.25,1.0,816.5,165.5,1.0,,,,,,,1165.0,357.5,1.0,1205.0,292.25,1.0,1242.0,241.0,1.0
178,798.5,77.5625,1.0,853.5,75.0625,1.0,810.0,301.5,1.0,812.0,235.0,1.0,816.0,165.5,1.0,,,,,,,1162.0,357.25,1.0,1203.0,292.25,0.9995,1242.0,241.25,0.9995
179,798.5,77.4375,1.0,854.5,75.0625,1.0,811.0,301.25,1.0,812.0,235.0,1.0,815.5,165.5,1.0,,,,,,,1159.0,357.25,1.0,1200.0,292.25,1.0,1240.0,242.625,1.0
180,798.5,76.75,1.0,854.5,75.0625,1.0,811.5,301.25,1.0,812.0,235.0,1.0,815.5,167.75,1.0,,,,,,,1156.0,357.25,1.0,1197.0,292.25,1.0,1239.0,242.625,1.0
181,798.0,76.75,1.0,854.5,75.625,1.0,811.5,301.25,1.0,812.0,233.75,1.0,815.5,168.75,1.0,,,,,,,1145.0,357.25,1.0,1194.0,287.25,1.0,1236.0,242.375,1.0
182,797.5,76.75,1.0,853.5,77.6875,1.0,810.5,300.5,1.0,811.5,233.75,1.0,815.5,168.75,1.0,,,,,,,1143.0,358.75,1.0,1190.0,287.25,1.0,1232.0,242.625,1.0
183,798.0,75.625,1.0,853.0,79.4375,1.0,811.0,300.5,1.0,811.5,239.0,1.0,815.5,168.25,1.0,,,,,,,1141.0,359.75,1.0,1187.0,287.25,1.0,1232.0,242.375,1.0
184,798.0,75.625,1.0,852.5,79.4375,1.0,810.5,301.25,1.0,811.5,240.125,1.0,815.5,168.25,1.0,,,,,,,1134.0,359.75,1.0,1181.0,288.5,1.0,1232.0,242.375,1.0
185,797.5,75.5625,1.0,852.0,79.4375,1.0,809.5,301.5,1.0,811.5,241.0,1.0,815.5,168.25,1.0,,,,,,,1129.0,359.75,1.0,1179.0,288.75,1.0,1230.0,244.5,0.9995
186,797.5,75.5625,1.0,846.5,79.875,1.0,807.5,301.5,1.0,812.0,242.0,1.0,815.0,168.25,1.0,,,,,,,1122.0,358.0,1.0,1171.0,288.75,1.0,1224.0,244.5,1.0
187,798.0,74.25,1.0,844.0,78.5625,1.0,805.5,301.5,1.0,812.0,242.0,1.0,814.0,169.5,1.0,,,,,,,1112.0,357.0,1.0,1165.0,288.75,1.0,1220.0,245.75,0.995
188,797.5,73.625,1.0,844.0,77.8125,1.0,805.5,302.25,1.0,812.0,241.0,1.0,814.0,169.5,1.0,,,,,,,1102.0,355.25,1.0,1151.0,292.25,1.0,1220.0,247.375,0.999
189,797.5,73.375,1.0,843.5,77.8125,1.0,806.0,302.75,1.0,812.0,237.25,1.0,813.5,171.0,1.0,,,,,,,1090.0,352.25,1.0,1145.0,293.0,1.0,1206.0,259.0,0.979
190,797.5,73.375,1.0,843.5,83.9375,1.0,806.0,302.75,1.0,810.0,237.25,1.0,813.5,171.0,1.0,,,,,,,1083.0,350.0,0.9985,1137.0,292.25,1.0,1203.0,259.0,0.9995
191,797.0,73.125,1.0,844.0,79.125,1.0,808.5,302.75,1.0,810.0,237.25,1.0,813.5,171.0,1.0,,,,,,,1073.0,316.5,1.0,1124.0,292.25,0.9917,1191.0,259.0,0.999
192,796.5,73.375,1.0,844.5,80.875,1.0,809.0,302.75,1.0,810.0,237.25,1.0,813.5,171.25,1.0,,,,,,,,,,,,,,,
193,796.0,74.375,1.0,844.5,80.875,1.0,810.0,301.25,1.0,809.0,237.25,1.0,813.5,171.25,1.0,,,,,,,,,,,,,,,
194,796.0,74.5,1.0,846.0,79.125,1.0,810.0,301.25,1.0,810.0,237.25,1.0,813.5,169.875,1.0,,,,,,,,,,,,,,,
195,796.0,74.375,1.0,846.0,78.75,1.0,810.0,301.25,1.0,810.5,237.25,1.0,811.5,169.875,1.0,,,,,,,,,,,,,,,
196,796.0,74.5,1.0,846.0,78.75,1.0,810.0,301.0,1.0,810.5,238.875,1.0,810.5,169.875,1.0,,,,,,,,,,,,,,,
197,796.0,74.5,0.9995,844.5,78.75,0.9995,809.5,301.0,1.0,810.5,238.125,1.0,810.5,167.0,1.0,,,,,,,,,,,,,,,
198,795.5,76.4375,1.0,844.5,80.3125,1.0,809.0,301.0,1.0,812.0,238.875,1.0,810.5,167.0,1.0,1236.0,203.875,0.999,1261.0,281.25,0.539,1001.5,284.75,1.0,1081.0,271.75,1.0,1152.0,264.0,1.0
199,797.0,77.5,0.9995,843.0,80.3125,1.0,808.0,301.0,1.0,810.5,238.875,1.0,811.5,166.375,1.0,1223.0,203.875,1.0,1252.0,276.75,0.429,996.5,282.75,1.0,1073.0,271.25,1.0,1152.0,264.0,1.0
200,797.0,77.5,1.0,843.0,80.3125,1.0,807.5,301.25,1.0,812.0,238.75,1.0,811.5,166.375,1.0,1223.0,203.875,1.0,1252.0,276.5,0.986,996.5,281.75,1.0,1072.0,270.75,1.0,1148.0,264.0,1.0
201,797.5,76.4375,1.0,843.0,79.875,1.0,807.5,302.75,1.0,810.5,238.375,1.0,811.5,167.0,1.0,1219.0,200.25,0.9995,1247.0,276.25,0.2664,994.0,277.0,1.0,1071.0,271.25,1.0,1149.0,265.0,1.0
202,798.0,76.4375,1.0,846.0,78.1875,1.0,807.5,302.75,1.0,810.5,238.375,1.0,811.5,173.0,1.0,1216.0,204.125,1.0,1244.0,276.25,0.04803,991.0,276.25,1.0,1059.0,270.75,1.0,1148.0,265.25,1.0
203,798.0,74.6875,1.0,843.0,77.4375,1.0,808.0,301.75,1.0,810.5,237.875,1.0,810.5,175.75,1.0,1207.0,205.75,1.0,1244.0,276.25,0.4512,984.0,275.75,1.0,1051.0,269.25,1.0,1148.0,266.5,1.0
204,799.0,74.6875,0.9995,846.0,77.4375,1.0,808.0,302.75,1.0,809.5,237.875,1.0,810.5,176.375,1.0,1207.0,215.0,1.0,1238.0,275.75,0.98,979.5,275.75,1.0,1051.0,268.75,1.0,1134.0,266.75,1.0
205,799.5,77.6875,1.0,846.0,77.4375,0.9995,808.5,301.75,1.0,809.5,237.875,1.0,811.5,176.375,1.0,1207.0,213.5,0.9995,1235.0,275.5,0.832,974.5,276.0,1.0,1051.0,268.75,1.0,1125.0,267.5,1.0
206,800.0,77.75,1.0,847.0,78.3125,1.0,809.0,301.5,1.0,809.0,238.875,1.0,811.5,176.375,1.0,1208.0,214.875,1.0,1233.0,276.0,0.01,969.0,276.25,0.01,1051.0,268.75,0.01,1118.0,268.75,0.01
207,800.5,77.75,1.0,847.0,78.3125,1.0,808.5,301.25,1.0,808.0,240.75,1.0,811.0,176.375,1.0,1208.0,213.5,1.0,1233.0,276.0,0.01,964.0,278.75,0.01,1051.0,269.0,0.01,1112.0,270.5,0.01
208,800.5,77.75,1.0,848.5,80.25,1.0,808.0,301.25,1.0,808.0,242.875,1.0,811.0,175.0,1.0,1208.0,213.5,1.0,1223.0,276.0,0.01,959.0,281.75,0.01,1051.0,271.75,0.01,1107.0,270.5,0.01
209,800.5,78.3125,1.0,854.0,87.25,1.0,807.0,301.0,1.0,808.0,244.625,1.0,811.0,175.0,1.0,1191.0,209.875,0.01,1211.0,277.75,0.01,954.0,281.75,0.01,1046.0,271.75,0.01,1103.0,270.5,0.01
210,798.0,78.3125,1.0,855.0,87.25,1.0,806.5,301.25,1.0,808.0,245.875,1.0,811.0,175.0,1.0,1181.0,209.875,1.0,1203.0,279.75,1.0,949.0,281.75,1.0,1036.0,271.75,1.0,1103.0,268.75,1.0
211,798.0,78.25,1.0,855.0,87.25,1.0,803.0,301.25,1.0,806.5,246.125,1.0,811.0,174.75,1.0,1180.0,209.875,1.0,1200.0,281.5,1.0,944.0,278.25,1.0,1023.5,268.5,1.0,1102.0,268.75,1.0
212,797.5,78.25,1.0,854.0,87.6875,1.0,803.0,302.0,1.0,806.5,246.125,1.0,812.5,174.5,1.0,1180.0,210.375,1.0,1197.0,281.75,0.9995,939.0,278.25,0.01,1019.5,268.5,0.01,1097.0,268.75,1.0
213,796.5,79.375,1.0,855.5,87.25,1.0,803.0,302.0,1.0,806.5,246.125,1.0,814.5,170.375,1.0,1177.0,212.125,1.0,1191.0,282.0,1.0,935.0,278.25,0.9995,1019.5,268.5,1.0,1093.0,271.0,1.0
214,796.5,78.25,1.0,853.5,86.0625,1.0,803.0,302.5,1.0,806.5,246.125,1.0,814.5,170.375,1.0,1174.0,212.5,1.0,1189.0,282.75,1.0,933.0,278.25,0.01,1016.0,268.5,0.01,1086.0,274.0,1.0
215,796.5,78.25,1.0,853.5,85.9375,1.0,805.5,302.5,1.0,806.5,246.5,1.0,815.0,170.375,1.0,1165.0,212.5,1.0,1181.0,282.75,0.999,926.5,279.5,0.999,1007.0,268.5,1.0,1082.0,274.0,1.0
216,796.5,79.1875,1.0,855.5,84.4375,1.0,805.5,302.5,1.0,806.5,249.5,1.0,815.0,170.375,1.0,1164.0,212.625,1.0,1178.0,283.75,0.9985,918.0,279.5,1.0,995.5,266.75,1.0,1079.0,274.0,1.0
217,796.5,77.8125,1.0,856.5,84.25,1.0,802.5,302.5,1.0,807.5,249.5,1.0,815.0,170.25,0.997,1159.0,213.5,1.0,1177.0,282.75,0.9995,915.5,276.0,1.0,995.0,266.25,1.0,1078.0,267.75,1.0
218,796.0,77.8125,1.0,855.5,84.25,1.0,802.0,302.5,1.0,807.5,247.875,1.0,815.0,167.5,1.0,1159.0,213.875,1.0,1174.0,282.75,0.9985,915.0,275.0,1.0,994.0,265.5,1.0,1077.0,267.75,1.0
219,796.0,78.8125,1.0,855.5,84.25,1.0,802.5,302.5,1.0,806.5,247.875,1.0,815.0,165.0,1.0,1159.0,213.5,1.0,1173.0,282.75,0.999,914.0,275.0,1.0,988.0,263.5,1.0,1072.0,266.75,1.0
220,796.0,78.8125,1.0,853.5,84.25,1.0,801.5,303.75,1.0,804.5,245.25,1.0,815.0,165.0,1.0,1158.0,213.5,1.0,1172.0,282.75,0.9956,909.0,274.25,1.0,988.0,263.5,1.0,1068.0,266.5,1.0
221,796.0,77.875,1.0,852.0,84.25,1.0,801.5,303.75,1.0,804.5,243.75,1.0,815.0,165.0,1.0,1158.0,213.25,1.0,1171.0,282.75,0.9976,907.5,273.75,1.0,986.5,262.25,1.0,1068.0,265.0,1.0
222,795.0,77.875,1.0,851.0,83.6875,1.0,800.5,304.25,1.0,804.5,242.5,1.0,815.0,165.0,1.0,1158.0,213.25,1.0,1170.0,282.75,0.9995,907.5,273.75,1.0,986.5,262.0,1.0,1068.0,264.75,1.0
223,795.5,77.875,1.0,850.5,83.6875,1.0,800.5,304.25,1.0,804.5,242.5,1.0,813.5,165.0,1.0,1157.0,212.375,1.0,1169.0,281.0,1.0,906.5,268.25,1.0,986.0,259.75,1.0,1064.0,264.5,1.0
224,794.5,77.625,1.0,848.0,81.875,1.0,800.5,303.25,1.0,804.5,242.125,1.0,812.5,164.0,1.0,1156.0,209.375,1.0,1168.0,282.0,0.999,906.5,265.5,0.01,980.0,258.0,0.01,1060.0,264.0,1.0
225,794.5,77.5,1.0,847.5,84.25,1.0,800.0,303.25,1.0,803.0,241.375,1.0,812.5,166.0,1.0,1155.0,207.75,1.0,1166.0,281.0,0.9995,906.5,265.0,1.0,977.0,257.0,1.0,1060.0,260.0,1.0
226,794.5,77.5,1.0,847.5,84.25,1.0,799.0,304.25,1.0,803.0,242.125,1.0,812.5,166.0,1.0,1154.0,206.75,1.0,1164.0,281.0,1.0,906.0,265.0,1.0,977.0,256.5,1.0,1058.0,260.0,1.0
227,794.5,77.5,1.0,847.5,84.25,1.0,798.5,303.25,1.0,803.0,244.75,1.0,812.5,166.0,1.0,1149.0,205.0,1.0,1163.0,281.5,1.0,905.5,265.0,1.0,976.0,255.0,1.0,1056.0,256.5,1.0
228,794.5,77.25,1.0,848.0,84.625,1.0,798.5,303.0,1.0,803.0,248.5,1.0,812.5,166.0,1.0,1147.0,205.0,1.0,1160.0,281.5,1.0,905.5,265.75,1.0,977.0,255.0,1.0,1056.0,254.375,1.0
229,794.5,77.5,1.0,849.0,84.625,1.0,799.0,303.75,1.0,802.5,248.875,1.0,813.0,166.0,1.0,1147.0,205.25,1.0,1160.0,281.5,1.0,904.5,265.75,1.0,977.0,256.5,1.0,1056.0,254.375,1.0
230,794.5,78.375,1.0,850.0,84.625,1.0,799.0,303.75,1.0,799.5,248.875,1.0,813.0,166.0,1.0,1146.0,204.625,1.0,1159.0,281.5,1.0,904.0,265.75,1.0,978.0,256.5,1.0,1056.0,253.375,1.0
231,794.0,78.375,1.0,852.5,84.625,1.0,799.5,303.75,1.0,802.5,248.875,1.0,813.0,169.0,1.0,1146.0,204.5,1.0,1158.0,279.75,1.0,902.0,266.0,0.01,979.5,255.125,0.01,1055.0,252.0,1.0
232,794.0,78.4375,1.0,852.5,86.25,1.0,799.5,303.75,1.0,801.5,248.875,1.0,813.0,169.25,1.0,1145.0,201.0,1.0,1157.0,279.75,1.0,900.5,265.75,1.0,979.5,255.125,1.0,1055.0,252.0,1.0
233,794.0,79.8125,1.0,855.0,88.75,1.0,799.5,303.75,0.9995,802.0,245.875,1.0,814.0,169.25,1.0,1143.0,200.0,1.0,1155.0,279.75,1.0,899.0,265.0,1.0,979.5,255.125,1.0,1054.0,252.875,1.0
234,794.0,79.8125,1.0,855.0,88.75,1.0,799.5,304.0,1.0,802.0,245.875,1.0,814.5,169.25,1.0,1140.0,200.0,1.0,1152.0,279.75,1.0,894.5,265.5,1.0,975.5,254.875,1.0,1052.0,252.875,1.0
235,795.0,79.875,1.0,856.0,87.1875,1.0,799.0,304.25,1.0,804.0,246.125,1.0,814.5,169.25,1.0,1139.0,200.0,1.0,1151.0,280.0,1.0,892.5,265.75,1.0,975.5,254.0,1.0,1049.0,252.875,1.0
236,795.0,81.1875,1.0,857.0,87.1875,1.0,798.5,304.25,0.9985,804.0,246.125,1.0,814.5,167.875,1.0,1139.0,199.625,0.9995,1151.0,280.0,0.9995,890.0,265.75,1.0,974.5,253.25,1.0,1049.0,252.875,1.0
237,795.5,84.9375,1.0,857.5,87.1875,1.0,798.5,304.25,1.0,804.0,246.125,1.0,816.5,158.125,1.0,1139.0,197.375,1.0,1150.0,280.0,1.0,889.0,265.5,1.0,973.0,253.25,1.0,1049.0,251.75,1.0
238,795.5,84.9375,1.0,857.5,87.1875,1.0,798.0,304.25,1.0,804.0,251.25,1.0,816.5,157.5,1.0,1139.0,196.875,1.0,1151.0,275.0,0.9995,888.0,265.5,1.0,972.5,251.375,1.0,1049.0,249.5,1.0
239,795.0,84.9375,1.0,856.5,87.1875,1.0,798.0,304.25,1.0,803.5,251.5,1.0,814.5,157.5,1.0,1139.0,194.625,1.0,1150.0,273.5,1.0,888.0,266.0,1.0,971.5,251.375,1.0,1051.0,249.125,1.0
240,794.5,82.9375,1.0,856.5,86.5,1.0,798.0,304.25,1.0,803.0,251.75,1.0,816.5,156.5,1.0,1139.0,191.5,1.0,1150.0,267.5,1.0,889.0,265.25,1.0,971.5,251.25,1.0,1052.0,249.0,1.0
241,795.0,82.9375,1.0,856.5,86.3125,1.0,798.0,304.25,0.9995,802.5,254.625,1.0,813.0,156.5,1.0,1139.0,191.5,1.0,1150.0,267.5,0.9995,889.0,264.0,1.0,971.5,251.25,1.0,1053.0,246.625,1.0
242,795.0,81.5,1.0,856.5,81.0625,1.0,797.0,303.25,1.0,802.5,254.625,1.0,813.0,156.0,1.0,1138.0,190.625,1.0,1151.0,267.0,1.0,889.0,263.5,1.0,971.5,250.0,1.0,1053.0,245.5,1.0
243,795.0,78.375,1.0,858.0,81.0625,1.0,796.5,304.75,1.0,801.0,251.5,1.0,816.5,156.5,1.0,1132.0,191.375,1.0,1151.0,265.0,1.0,889.0,265.25,1.0,968.5,247.75,1.0,1052.0,244.625,1.0
244,795.0,77.9375,1.0,858.0,81.0625,1.0,796.5,304.75,1.0,801.0,251.375,1.0,817.0,156.5,1.0,1132.0,191.5,0.9995,1151.0,265.0,1.0,888.5,265.25,1.0,967.0,247.75,1.0,1052.0,244.25,1.0
245,795.0,77.9375,1.0,858.0,81.0,1.0,796.5,312.0,1.0,801.0,249.625,1.0,818.5,156.125,0.9995,1131.0,191.375,1.0,1151.0,265.0,1.0,888.5,264.75,1.0,966.5,247.75,1.0,1051.0,243.5,1.0
246,795.0,78.75,1.0,857.5,81.0625,1.0,798.0,312.0,0.999,802.0,249.625,1.0,819.0,156.125,1.0,1130.0,189.5,1.0,1151.0,263.25,0.9995,888.0,265.75,1.0,966.0,249.25,1.0,1048.0,243.0,1.0
247,795.5,78.75,1.0,857.5,81.0,1.0,798.5,340.75,1.0,801.0,249.625,1.0,819.5,160.25,1.0,1130.0,189.5,0.9995,1151.0,263.0,1.0,886.5,265.75,1.0,965.0,249.375,1.0,1046.0,242.625,1.0
248,795.5,78.75,1.0,855.0,80.375,1.0,798.5,340.75,1.0,801.0,251.5,1.0,819.5,160.25,0.9995,1130.0,187.25,1.0,1152.0,261.75,1.0,886.5,266.0,1.0,964.5,249.625,1.0,1048.0,242.5,1.0
249,794.0,78.8125,1.0,855.0,80.125,1.0,798.0,340.75,1.0,799.5,251.5,1.0,819.5,160.25,1.0,1126.0,186.25,1.0,1152.0,261.75,0.9995,886.0,266.0,1.0,964.5,249.375,1.0,1048.0,242.0,1.0
250,791.5,78.8125,1.0,852.5,76.25,1.0,797.5,339.5,1.0,799.5,251.5,1.0,819.5,160.25,1.0,1126.0,177.375,1.0,1152.0,261.75,1.0,886.0,268.5,1.0,959.0,249.375,1.0,1053.0,242.0,1.0
251,791.0,78.8125,1.0,851.5,76.125,1.0,797.0,336.5,1.0,799.5,246.5,1.0,818.5,155.875,1.0,1126.0,165.875,0.999,1146.0,276.25,0.579,886.0,271.75,1.0,964.5,249.375,1.0,1053.0,242.0,1.0
252,791.0,78.8125,1.0,851.5,76.125,1.0,796.0,333.5,0.9995,799.5,246.5,1.0,818.5,155.875,1.0,1126.0,163.5,0.998,1135.0,297.75,1.0,885.5,271.75,1.0,958.5,249.375,1.0,1053.0,241.375,1.0
253,791.0,78.8125,1.0,852.5,76.25,1.0,796.0,333.5,0.9614,799.5,246.5,1.0,820.0,155.875,1.0,1125.0,123.0,0.961,1127.0,315.0,1.0,885.5,271.5,1.0,958.5,249.375,1.0,1053.0,241.375,0.9985
254,794.5,78.8125,1.0,852.5,78.125,1.0,796.0,334.25,1.0,799.5,249.5,1.0,820.0,155.875,1.0,1091.0,123.0,0.978,1106.0,338.75,1.0,884.5,271.5,1.0,957.5,251.5,1.0,1056.0,241.625,1.0
255,795.5,78.1875,1.0,855.0,78.125,1.0,796.0,334.25,1.0,799.5,249.5,1.0,820.5,156.0,1.0,1088.0,116.1875,1.0,1095.0,339.25,1.0,886.0,271.5,1.0,949.0,251.5,1.0,1055.0,241.625,1.0
256,795.5,79.625,1.0,857.5,78.875,1.0,795.5,338.25,1.0,799.0,249.5,1.0,822.0,156.625,1.0,1084.0,116.1875,1.0,1092.0,345.5,1.0,883.0,271.5,1.0,949.0,258.75,1.0,1057.0,241.625,1.0
257,795.5,80.9375,1.0,857.5,78.875,1.0,796.0,338.25,1.0,799.0,249.5,1.0,822.0,157.75,1.0,1088.0,124.5,1.0,1092.0,347.0,1.0,881.5,271.5,1.0,944.0,258.75,1.0,1057.0,241.875,1.0
258,793.5,80.9375,1.0,855.0,80.8125,1.0,795.5,338.0,1.0,799.0,249.25,1.0,822.0,161.625,1.0,1090.0,125.375,1.0,1092.0,347.0,1.0,879.0,270.75,1.0,944.0,258.75,1.0,1057.0,241.625,1.0
259,793.5,81.1875,1.0,857.5,81.8125,1.0,796.0,338.25,1.0,798.5,249.25,1.0,819.5,162.25,1.0,1090.0,128.0,1.0,1091.0,354.0,1.0,878.0,269.25,1.0,944.0,258.75,1.0,1061.0,234.375,1.0
260,793.5,81.1875,1.0,857.5,84.1875,1.0,795.5,338.0,1.0,796.0,253.5,1.0,819.0,162.375,1.0,1090.0,136.875,1.0,1090.0,355.5,1.0,876.0,269.25,1.0,944.0,258.25,1.0,1062.0,233.875,0.9995
261,793.5,81.1875,1.0,854.0,88.0,1.0,795.5,338.0,0.9985,796.0,253.75,1.0,819.0,163.25,1.0,1094.0,137.5,1.0,1096.0,355.5,1.0,873.0,269.25,1.0,940.0,258.25,1.0,1061.0,233.75,1.0
262,793.5,87.25,1.0,856.5,88.0625,1.0,794.5,338.75,1.0,795.0,255.125,1.0,807.0,192.25,1.0,1094.0,138.25,1.0,1089.0,356.0,1.0,872.5,269.25,1.0,940.0,260.25,1.0,1061.0,233.125,1.0
263,793.5,87.25,1.0,857.5,88.25,1.0,794.5,339.0,1.0,794.5,255.75,1.0,807.0,190.875,1.0,1094.0,148.25,1.0,1088.0,358.75,1.0,872.0,271.0,1.0,939.5,262.25,1.0,1060.0,233.125,1.0
264,793.5,87.25,1.0,856.5,92.4375,1.0,793.0,339.25,1.0,794.5,255.75,1.0,807.0,190.875,1.0,1094.0,150.75,0.9995,1087.0,358.75,1.0,871.0,272.0,1.0,940.0,263.5,1.0,1053.0,233.75,0.9995
265,793.5,90.5,1.0,854.0,92.4375,1.0,793.0,343.5,1.0,787.5,255.125,1.0,804.5,171.0,1.0,1095.0,160.375,1.0,1088.0,362.75,1.0,872.5,272.0,1.0,940.5,263.5,1.0,1034.0,233.75,1.0
266,779.5,96.0625,1.0,842.0,92.4375,1.0,781.0,343.75,1.0,784.5,249.375,1.0,804.5,171.0,1.0,1095.0,169.75,1.0,1087.0,362.75,1.0,871.0,287.25,1.0,940.5,265.0,1.0,1027.0,238.5,1.0
267,773.0,96.0625,1.0,821.5,91.9375,1.0,780.0,345.5,1.0,784.5,247.875,1.0,802.5,169.875,1.0,1094.0,169.75,1.0,1085.0,356.5,1.0,863.5,287.75,1.0,939.5,265.0,1.0,1022.0,238.5,1.0
268,760.5,96.0625,0.01,820.0,88.6875,0.01,775.0,345.5,1.0,781.5,239.125,1.0,797.0,155.125,0.01,1093.0,169.75,1.0,1087.0,306.0,0.9907,863.5,287.75,1.0,939.5,264.75,1.0,1027.0,236.125,1.0
269,755.5,84.0,0.01,816.5,83.375,0.01,773.5,343.5,0.01,765.5,237.125,0.01,792.0,155.125,0.01,1093.0,163.625,1.0,1098.0,305.0,0.9995,860.5,287.75,1.0,933.5,262.0,1.0,1027.0,232.375,1.0
270,749.5,78.25,1.0,810.0,74.5,1.0,771.5,340.0,0.9995,761.5,236.0,1.0,786.5,155.125,1.0,1093.0,151.0,1.0,1098.0,303.5,0.9995,858.0,270.0,1.0,933.5,253.875,1.0,1028.0,220.375,1.0
271,747.5,78.0625,1.0,810.0,64.5,1.0,765.0,305.25,0.9995,761.0,236.0,1.0,778.5,155.75,1.0,1094.0,147.875,0.997,1114.0,250.375,0.9995,858.0,251.875,1.0,930.5,226.75,1.0,1029.0,211.5,1.0
272,746.5,76.3125,1.0,807.0,64.25,1.0,762.5,302.5,1.0,760.0,235.5,1.0,778.0,155.75,1.0,1101.0,147.0,1.0,1114.0,248.875,0.997,858.0,244.625,1.0,933.5,220.375,1.0,1039.0,206.875,1.0
273,746.5,68.125,1.0,807.0,63.90625,1.0,761.5,301.25,1.0,757.5,233.75,1.0,777.0,155.75,1.0,1101.0,132.875,0.983,1114.0,241.375,1.0,860.5,241.625,1.0,934.5,217.625,1.0,1039.0,203.0,1.0
274,746.5,65.1875,1.0,808.5,63.6875,1.0,756.5,301.25,1.0,755.5,223.25,1.0,778.0,145.0,1.0,1101.0,132.875,0.999,1114.0,237.0,1.0,862.5,238.5,1.0,935.0,214.75,1.0,1039.0,200.125,1.0
275,746.5,63.65625,1.0,808.5,61.375,1.0,754.5,301.0,1.0,753.5,220.875,1.0,776.0,137.75,1.0,1095.0,132.875,0.9985,1114.0,232.625,1.0,862.5,239.0,1.0,935.5,214.75,1.0,1039.0,200.125,1.0
276,747.5,61.125,1.0,808.0,61.375,1.0,750.5,298.5,1.0,753.5,218.875,1.0,775.5,137.75,1.0,1091.0,133.5,0.9995,1127.0,231.25,0.9985,862.5,239.0,1.0,936.0,214.75,1.0,1030.0,200.125,1.0
277,747.5,60.09375,1.0,808.0,60.125,1.0,750.5,293.5,1.0,753.5,217.375,1.0,775.5,137.75,1.0,1091.0,153.5,1.0,1128.0,231.25,1.0,858.5,239.0,1.0,938.0,222.5,1.0,1029.0,206.0,1.0
278,751.0,58.875,1.0,808.0,60.6875,1.0,750.0,285.5,1.0,760.0,217.375,1.0,776.0,139.375,1.0,1087.0,156.0,1.0,1129.0,228.375,1.0,858.5,248.75,1.0,938.5,231.25,1.0,1024.0,206.125,1.0
279,751.0,56.34375,1.0,808.0,60.6875,1.0,750.0,282.5,1.0,760.5,217.375,1.0,776.0,139.375,1.0,1087.0,156.0,1.0,1129.0,226.375,1.0,858.5,248.75,1.0,942.5,233.625,1.0,1019.5,206.125,1.0
280,751.0,56.09375,1.0,808.5,60.125,1.0,751.5,279.5,1.0,760.5,217.375,1.0,778.5,139.375,1.0,1087.0,157.75,1.0,1128.0,219.625,0.9995,858.5,250.5,1.0,941.0,234.25,1.0,1016.0,208.875,1.0
281,751.0,56.09375,1.0,809.0,60.125,1.0,752.0,279.5,1.0,761.0,217.375,1.0,779.5,139.375,1.0,1086.0,157.75,1.0,1130.0,219.625,0.999,860.5,252.25,1.0,941.0,234.25,1.0,1016.0,208.875,1.0
282,751.0,56.34375,1.0,809.5,60.6875,1.0,756.0,282.25,1.0,761.0,218.5,1.0,783.5,139.375,1.0,1086.0,157.75,1.0,1130.0,218.75,1.0,862.5,255.5,1.0,942.0,234.25,1.0,1019.5,206.875,1.0
283,759.5,58.875,1.0,822.0,68.125,1.0,757.5,282.25,1.0,766.0,218.5,1.0,788.0,147.0,1.0,1088.0,158.125,1.0,1130.0,219.625,1.0,862.5,255.5,1.0,942.0,234.375,1.0,1016.0,207.25,1.0
284,763.5,58.875,0.9995,823.0,68.625,1.0,757.5,278.75,1.0,769.5,218.5,1.0,788.5,147.0,1.0,1090.0,158.25,1.0,1130.0,219.625,1.0,862.5,255.5,1.0,942.0,234.5,1.0,1016.0,208.375,1.0
285,766.5,59.09375,0.9995,824.5,69.1875,1.0,757.5,281.5,1.0,769.5,218.5,1.0,789.5,150.375,1.0,1090.0,159.875,1.0,1130.0,220.625,1.0,862.5,249.5,1.0,944.0,234.5,1.0,1011.5,208.375,1.0
286,767.0,58.875,1.0,826.5,71.375,1.0,752.5,281.5,1.0,766.0,217.0,1.0,789.5,147.0,1.0,1092.0,161.125,1.0,1132.0,223.625,1.0,861.5,249.5,1.0,944.0,234.5,1.0,1001.5,208.375,1.0
287,767.0,57.75,1.0,825.0,71.375,1.0,751.5,281.5,1.0,766.0,217.0,1.0,789.5,146.125,1.0,1096.0,164.75,1.0,1132.0,229.125,1.0,861.0,249.5,1.0,944.0,234.5,1.0,1001.5,212.375,1.0
288,766.5,57.75,0.9995,825.0,71.9375,1.0,751.0,282.0,1.0,766.0,216.375,1.0,792.0,140.75,1.0,1098.0,170.625,0.999,1132.0,234.375,1.0,858.5,255.875,1.0,936.5,236.625,1.0,998.0,220.125,0.9995
289,765.0,58.96875,1.0,826.5,71.375,1.0,751.0,284.5,1.0,764.5,216.375,1.0,792.0,136.5,1.0,1105.0,180.375,1.0,1131.0,244.375,0.9995,847.5,257.25,1.0,931.0,242.125,1.0,1001.0,224.75,1.0
290,763.5,58.15625,1.0,825.0,67.3125,1.0,751.0,285.0,1.0,764.5,216.25,1.0,792.0,133.875,1.0,1109.0,183.875,0.9995,1127.0,247.25,0.9995,847.0,257.5,1.0,928.0,246.625,0.9985,1001.0,227.0,1.0
291,761.5,58.15625,1.0,824.5,66.1875,1.0,752.5,285.0,1.0,764.5,216.25,1.0,790.5,131.0,1.0,1110.0,185.5,0.9995,1123.0,262.75,0.998,846.5,266.25,1.0,927.5,246.625,1.0,1001.0,228.0,1.0
292,761.5,58.375,1.0,823.5,64.1875,1.0,754.5,285.0,1.0,764.5,213.5,1.0,791.5,131.0,1.0,1110.0,190.875,1.0,1095.0,307.25,0.7524,846.5,269.25,1.0,925.0,246.625,1.0,995.0,230.25,0.9995
293,760.0,58.15625,1.0,822.5,57.84375,1.0,754.5,285.0,0.999,764.5,211.625,1.0,790.5,128.375,0.999,1111.0,190.875,1.0,1094.0,307.5,0.9995,846.5,269.25,1.0,925.0,248.625,1.0,1001.0,230.25,0.9995
294,760.0,54.90625,1.0,821.0,57.59375,1.0,754.5,285.0,1.0,764.5,211.25,1.0,790.0,118.1875,1.0,1111.0,190.875,1.0,1094.0,307.75,0.9995,847.0,269.25,1.0,926.0,250.125,1.0,1003.5,230.25,1.0
295,754.5,54.34375,1.0,817.5,54.375,1.0,751.5,285.0,1.0,763.5,209.75,1.0,790.0,118.1875,1.0,1111.0,187.125,1.0,1094.0,308.25,0.9995,846.5,267.0,1.0,926.0,250.125,1.0,1003.0,231.875,1.0
296,752.0,53.03125,1.0,816.5,49.5625,1.0,751.5,284.0,1.0,760.5,206.875,1.0,788.5,119.875,1.0,1114.0,185.75,1.0,1094.0,308.25,1.0,847.0,265.25,1.0,926.0,250.125,1.0,1003.5,231.0,1.0
297,751.5,53.03125,1.0,816.0,49.0,1.0,750.0,284.0,1.0,755.0,204.375,1.0,784.5,119.875,1.0,1115.0,184.125,1.0,1093.0,309.0,0.9995,847.0,264.5,1.0,926.5,248.625,1.0,1004.0,228.375,1.0
298,751.0,49.96875,1.0,815.5,47.09375,1.0,749.5,284.75,1.0,754.0,204.375,1.0,780.5,129.0,0.999,1115.0,179.125,1.0,1093.0,309.0,0.9995,847.0,264.0,1.0,928.5,245.25,1.0,1006.5,228.375,1.0
299,751.0,49.03125,1.0,813.5,46.0625,1.0,749.0,284.75,1.0,753.0,204.375,1.0,774.0,129.0,1.0,1114.0,178.625,1.0,1093.0,309.0,1.0,846.5,254.5,1.0,928.5,235.75,1.0,1006.5,228.375,1.0
300,747.5,45.0,1.0,813.0,42.59375,1.0,735.0,278.25,1.0,737.5,204.375,1.0,773.5,129.0,1.0,1113.0,176.375,1.0,1093.0,299.0,1.0,846.0,250.5,1.0,928.5,221.75,1.0,1006.5,228.125,1.0
